FolderName,CreationDate,FileCount,Time,Date,Day_of_Week
20200208,9/7/2020 21:17,4050,21:17,9/7/2020,Monday
20200309,9/7/2020 21:19,4050,21:19,9/7/2020,Monday
20200310,9/7/2020 21:23,4050,21:23,9/7/2020,Monday
20200311,9/7/2020 21:24,4050,21:24,9/7/2020,Monday
20200312,9/7/2020 21:25,4050,21:25,9/7/2020,Monday
20200313,9/7/2020 21:27,6073,21:27,9/7/2020,Monday
20200314,9/7/2020 21:29,4050,21:29,9/7/2020,Monday
20200315,9/7/2020 21:30,4050,21:30,9/7/2020,Monday
20200316,9/7/2020 21:31,4050,21:31,9/7/2020,Monday
20200317,9/7/2020 21:32,4050,21:32,9/7/2020,Monday
20200318,9/7/2020 21:33,4050,21:33,9/7/2020,Monday
20200319,9/7/2020 21:34,4052,21:34,9/7/2020,Monday
20200320,9/7/2020 21:35,6076,21:35,9/7/2020,Monday
20200321,9/7/2020 21:37,4052,21:37,9/7/2020,Monday
20200322,9/7/2020 21:38,4052,21:38,9/7/2020,Monday
20200323,9/7/2020 21:39,4056,21:39,9/7/2020,Monday
20200324,9/7/2020 21:41,4056,21:41,9/7/2020,Monday
20200325,9/7/2020 21:42,4056,21:42,9/7/2020,Monday
20200326,9/7/2020 21:43,4056,21:43,9/7/2020,Monday
20200327,9/7/2020 21:44,6082,21:44,9/7/2020,Monday
20200328,9/7/2020 21:45,4056,21:45,9/7/2020,Monday
20200329,9/7/2020 21:46,4056,21:46,9/7/2020,Monday
20200330,9/7/2020 21:47,4056,21:47,9/7/2020,Monday
20200331,9/7/2020 21:48,4017,21:48,9/7/2020,Monday
20200331,9/7/2020 21:49,8070,21:49,9/7/2020,Monday
20200401,9/7/2020 21:52,4056,21:52,9/7/2020,Monday
20200402,9/7/2020 21:53,4056,21:53,9/7/2020,Monday
20200403,9/7/2020 21:54,6082,21:54,9/7/2020,Monday
20200404,9/7/2020 21:55,4056,21:55,9/7/2020,Monday
20200405,9/7/2020 21:56,4056,21:56,9/7/2020,Monday
20200406,9/7/2020 21:58,4056,21:58,9/7/2020,Monday
20200407,9/7/2020 21:59,4056,21:59,9/7/2020,Monday
20200408,9/7/2020 22:00,4056,22:00,9/7/2020,Monday
20200409,9/7/2020 22:01,4056,22:01,9/7/2020,Monday
20200410,9/7/2020 22:02,6082,22:02,9/7/2020,Monday
20200411,9/7/2020 22:03,4056,22:03,9/7/2020,Monday
20200412,9/7/2020 22:04,4056,22:04,9/7/2020,Monday
20200413,9/7/2020 22:05,4056,22:05,9/7/2020,Monday
20200414,9/7/2020 22:06,4056,22:06,9/7/2020,Monday
20200415,9/7/2020 22:07,4056,22:07,9/7/2020,Monday
20200416,9/7/2020 22:08,4056,22:08,9/7/2020,Monday
20200417,9/7/2020 22:09,6082,22:09,9/7/2020,Monday
20200418,9/7/2020 22:11,4056,22:11,9/7/2020,Monday
20200419,9/7/2020 22:12,4056,22:12,9/7/2020,Monday
20200420,9/7/2020 22:13,4056,22:13,9/7/2020,Monday
20200421,9/7/2020 22:14,4056,22:14,9/7/2020,Monday
20200422,9/7/2020 22:15,4055,22:15,9/7/2020,Monday
20200423,9/7/2020 22:16,4056,22:16,9/7/2020,Monday
20200424,9/7/2020 22:17,6082,22:17,9/7/2020,Monday
20200425,9/7/2020 22:19,4056,22:19,9/7/2020,Monday
20200426,9/7/2020 22:20,4056,22:20,9/7/2020,Monday
20200427,9/7/2020 22:21,4056,22:21,9/7/2020,Monday
20200428,9/7/2020 22:22,4056,22:22,9/7/2020,Monday
20200429,9/7/2020 22:23,4056,22:23,9/7/2020,Monday
20200430,9/7/2020 22:24,4057,22:24,9/7/2020,Monday
20200501,9/7/2020 22:25,6082,22:25,9/7/2020,Monday
20200502,9/7/2020 22:27,4056,22:27,9/7/2020,Monday
20200503,9/7/2020 22:28,4056,22:28,9/7/2020,Monday
20200504,9/7/2020 22:29,4056,22:29,9/7/2020,Monday
20200505,9/7/2020 22:30,4056,22:30,9/7/2020,Monday
20200506,9/7/2020 22:31,4056,22:31,9/7/2020,Monday
20200507,9/7/2020 22:32,4056,22:32,9/7/2020,Monday
20200508,9/7/2020 22:34,6082,22:34,9/7/2020,Monday
20200509,9/7/2020 22:35,4056,22:35,9/7/2020,Monday
20200510,9/7/2020 22:36,4056,22:36,9/7/2020,Monday
20200511,9/7/2020 22:37,4056,22:37,9/7/2020,Monday
20200512,9/7/2020 22:38,4056,22:38,9/7/2020,Monday
20200513,9/7/2020 22:39,4056,22:39,9/7/2020,Monday
20200514,9/7/2020 22:40,4056,22:40,9/7/2020,Monday
20200515,9/7/2020 22:41,6082,22:41,9/7/2020,Monday
20200516,9/7/2020 22:43,4056,22:43,9/7/2020,Monday
20200517,9/7/2020 22:44,4056,22:44,9/7/2020,Monday
20200518,9/7/2020 22:45,4056,22:45,9/7/2020,Monday
20200519,9/7/2020 22:46,4056,22:46,9/7/2020,Monday
20200520,9/7/2020 22:47,4056,22:47,9/7/2020,Monday
20200521,9/7/2020 22:48,4056,22:48,9/7/2020,Monday
20200920,9/21/2020 11:07,6123,11:07,9/21/2020,Monday
20200921,9/22/2020 2:59,4104,2:59,9/22/2020,Tuesday
20200922,9/23/2020 2:32,4104,2:32,9/23/2020,Wednesday
20200923,9/24/2020 2:04,4104,2:04,9/24/2020,Thursday
20200924,9/25/2020 2:38,4104,2:38,9/25/2020,Friday
20200925,9/26/2020 9:56,6157,9:56,9/26/2020,Saturday
20200926,9/27/2020 5:48,4106,5:48,9/27/2020,Sunday
20200927,9/28/2020 2:27,4106,2:27,9/28/2020,Monday
20200928,9/29/2020 4:33,4108,4:33,9/29/2020,Tuesday
20200929,9/30/2020 5:38,4108,5:38,9/30/2020,Wednesday
20200930,10/1/2020 21:28,8177,21:28,10/1/2020,Thursday
20201001,10/2/2020 3:15,4114,3:15,10/2/2020,Friday
20201002,10/3/2020 3:17,6166,3:17,10/3/2020,Saturday
20201003,10/4/2020 5:39,4112,5:39,10/4/2020,Sunday
20201003,10/31/2020 7:11,2056,7:11,10/31/2020,Saturday
20201004,10/5/2020 3:32,4112,3:32,10/5/2020,Monday
20201005,10/6/2020 5:14,4112,5:14,10/6/2020,Tuesday
20201006,10/7/2020 3:31,4112,3:31,10/7/2020,Wednesday
20201007,10/8/2020 3:03,4112,3:03,10/8/2020,Thursday
20201008,10/9/2020 3:19,4112,3:19,10/9/2020,Friday
20201009,10/10/2020 5:23,4111,5:23,10/10/2020,Saturday
20201010,10/11/2020 3:39,4112,3:39,10/11/2020,Sunday
20201011,10/12/2020 2:49,4112,2:49,10/12/2020,Monday
20201012,10/13/2020 5:49,4112,5:49,10/13/2020,Tuesday
20201013,10/14/2020 4:24,4112,4:24,10/14/2020,Wednesday
20201014,10/15/2020 8:46,4112,8:46,10/15/2020,Thursday
20201015,10/16/2020 2:54,4112,2:54,10/16/2020,Friday
20201016,10/17/2020 8:29,4111,8:29,10/17/2020,Saturday
20201017,10/18/2020 3:19,4112,3:19,10/18/2020,Sunday
20201018,10/19/2020 2:03,4112,2:03,10/19/2020,Monday
20201019,10/20/2020 2:50,4112,2:50,10/20/2020,Tuesday
20201020,10/21/2020 3:58,4112,3:58,10/21/2020,Wednesday
20201021,10/22/2020 1:38,4114,1:38,10/22/2020,Thursday
20201022,10/23/2020 2:34,4114,2:34,10/23/2020,Friday
20201023,10/24/2020 4:04,6169,4:04,10/24/2020,Saturday
20201024,10/25/2020 2:42,4114,2:42,10/25/2020,Sunday
20201025,10/26/2020 1:51,4114,1:51,10/26/2020,Monday
20201026,10/27/2020 2:48,4114,2:48,10/27/2020,Tuesday
20201027,10/28/2020 3:41,4114,3:41,10/28/2020,Wednesday
20201028,10/29/2020 2:14,4114,2:14,10/29/2020,Thursday
20201029,10/30/2020 3:41,4114,3:41,10/30/2020,Friday
20201030,10/5/2020 12:18,4113,12:18,10/5/2020,Monday
20201031,11/1/2020 11:57,4115,11:57,11/1/2020,Sunday
20201101,11/2/2020 4:47,4114,4:47,11/2/2020,Monday
20201102,11/3/2020 5:04,4114,5:04,11/3/2020,Tuesday
20201103,11/4/2020 4:10,4122,4:10,11/4/2020,Wednesday
20201104,11/5/2020 5:27,4122,5:27,11/5/2020,Thursday
20201105,11/6/2020 5:28,4122,5:28,11/6/2020,Friday
20201106,11/7/2020 5:52,4121,5:52,11/7/2020,Saturday
20201107,11/8/2020 4:31,4122,4:31,11/8/2020,Sunday
20201108,11/9/2020 2:11,4122,2:11,11/9/2020,Monday
20201109,11/10/2020 5:39,4122,5:39,11/10/2020,Tuesday
20201110,11/11/2020 3:11,4122,3:11,11/11/2020,Wednesday
20201111,11/12/2020 3:15,4124,3:15,11/12/2020,Thursday
20201112,11/13/2020 3:19,4128,3:19,11/13/2020,Friday
20201113,11/14/2020 6:24,4127,6:24,11/14/2020,Saturday
20201113,11/14/2020 7:21,2063,7:21,11/14/2020,Saturday
20201114,11/15/2020 3:44,4128,3:44,11/15/2020,Sunday
20201115,11/16/2020 3:40,4128,3:40,11/16/2020,Monday
20201116,11/17/2020 4:16,4128,4:16,11/17/2020,Tuesday
20201117,11/18/2020 4:47,4128,4:47,11/18/2020,Wednesday
20201118,11/19/2020 4:31,4132,4:31,11/19/2020,Thursday
20201119,11/20/2020 4:44,4132,4:44,11/20/2020,Friday
20201120,11/21/2020 5:56,6196,5:56,11/21/2020,Saturday
20201121,11/22/2020 4:53,4132,4:53,11/22/2020,Sunday
20201122,11/23/2020 1:19,4132,1:19,11/23/2020,Monday
20201123,11/24/2020 3:28,4132,3:28,11/24/2020,Tuesday
20201124,11/25/2020 2:11,4132,2:11,11/25/2020,Wednesday
20201125,11/26/2020 2:24,4132,2:24,11/26/2020,Thursday
20201126,11/27/2020 3:13,4132,3:13,11/27/2020,Friday
20201127,11/28/2020 5:35,4092,5:35,11/28/2020,Saturday
20201127,11/28/2020 7:50,2107,7:50,11/28/2020,Saturday
20201128,11/29/2020 1:08,4134,1:08,11/29/2020,Sunday
20201129,11/30/2020 2:53,4134,2:53,11/30/2020,Monday
20201130,12/1/2020 9:32,4134,9:32,12/1/2020,Tuesday
20201201,12/2/2020 5:17,4134,5:17,12/2/2020,Wednesday
20201202,12/3/2020 4:57,4134,4:57,12/3/2020,Thursday
20201203,12/4/2020 3:59,4134,3:59,12/4/2020,Friday
20201204,12/5/2020 5:59,4133,5:59,12/5/2020,Saturday
20201204,12/5/2020 8:41,2066,8:41,12/5/2020,Saturday
20201205,12/6/2020 5:46,4134,5:46,12/6/2020,Sunday
20201206,12/7/2020 1:48,4134,1:48,12/7/2020,Monday
20201207,12/8/2020 4:59,4136,4:59,12/8/2020,Tuesday
20201208,12/9/2020 5:22,4136,5:22,12/9/2020,Wednesday
20201209,12/10/2020 4:35,4136,4:35,12/10/2020,Thursday
20201210,12/11/2020 5:02,4136,5:02,12/11/2020,Friday
20201211,12/12/2020 5:01,4135,5:01,12/12/2020,Saturday
20201211,12/12/2020 7:24,6202,7:24,12/12/2020,Saturday
20201211,12/12/2020 7:25,2067,7:25,12/12/2020,Saturday
20201212,12/13/2020 2:20,4136,2:20,12/13/2020,Sunday
20201213,12/14/2020 1:00,4136,1:00,12/14/2020,Monday
20201214,12/15/2020 2:39,4136,2:39,12/15/2020,Tuesday
20201215,12/16/2020 10:25,4136,10:25,12/16/2020,Wednesday
20201216,12/17/2020 2:59,4136,2:59,12/17/2020,Thursday
20201217,12/18/2020 2:51,4136,2:51,12/18/2020,Friday
20201218,12/19/2020 4:00,4135,4:00,12/19/2020,Saturday
20201218,12/19/2020 7:32,2067,7:32,12/19/2020,Saturday
20201219,12/20/2020 1:59,4138,1:59,12/20/2020,Sunday
20201220,12/21/2020 3:01,4138,3:01,12/21/2020,Monday
20201221,12/22/2020 4:19,4140,4:19,12/22/2020,Tuesday
20201222,12/23/2020 3:53,4140,3:53,12/23/2020,Wednesday
20201223,12/24/2020 3:33,4140,3:33,12/24/2020,Thursday
20201224,12/25/2020 3:28,4148,3:28,12/25/2020,Friday
20201225,12/26/2020 6:53,4147,6:53,12/26/2020,Saturday
20201225,12/26/2020 7:00,2073,7:00,12/26/2020,Saturday
20201226,12/27/2020 4:20,4148,4:20,12/27/2020,Sunday
20201227,12/28/2020 4:44,4148,4:44,12/28/2020,Monday
20201228,12/29/2020 3:25,4148,3:25,12/29/2020,Tuesday
20201229,12/30/2020 3:15,4154,3:15,12/30/2020,Wednesday
20201230,12/31/2020 13:21,4162,13:21,12/31/2020,Thursday
20201230,12/31/2020 3:41,4162,3:41,12/31/2020,Thursday
20201231,1/1/2021 11:55,0,11:55,1/1/2021,Friday
20210101,1/2/2021 4:59,4161,4:59,1/2/2021,Saturday
20210102,1/3/2021 2:45,4162,2:45,1/3/2021,Sunday
20210103,1/4/2021 5:36,4162,5:36,1/4/2021,Monday
20210104,1/5/2021 6:28,4162,6:28,1/5/2021,Tuesday
20210105,1/6/2021 5:48,4162,5:48,1/6/2021,Wednesday
20210106,1/7/2021 4:55,4162,4:55,1/7/2021,Thursday
20210107,1/8/2021 4:47,4162,4:47,1/8/2021,Friday
20210107,1/8/2022 7:19,2224,7:19,1/8/2022,Saturday
20210108,1/9/2021 6:47,4161,6:47,1/9/2021,Saturday
20210108,1/9/2021 8:44,2080,8:44,1/9/2021,Saturday
20210109,1/10/2021 5:44,4162,5:44,1/10/2021,Sunday
20210110,1/11/2021 5:07,4162,5:07,1/11/2021,Monday
20210111,1/12/2021 5:05,4162,5:05,1/12/2021,Tuesday
20210112,1/13/2021 5:17,4162,5:17,1/13/2021,Wednesday
20210113,1/14/2021 10:10,4162,10:10,1/14/2021,Thursday
20210114,1/15/2021 4:00,4162,4:00,1/15/2021,Friday
20210115,1/16/2021 5:50,4161,5:50,1/16/2021,Saturday
20210116,1/17/2021 6:34,4162,6:34,1/17/2021,Sunday
20210117,1/18/2021 2:00,4162,2:00,1/18/2021,Monday
20210118,1/19/2021 3:46,4164,3:46,1/19/2021,Tuesday
20210119,1/20/2021 3:46,4164,3:46,1/20/2021,Wednesday
20210120,1/21/2021 3:38,4164,3:38,1/21/2021,Thursday
20210121,1/22/2021 3:18,4166,3:18,1/22/2021,Friday
20210122,1/23/2021 4:00,4165,4:00,1/23/2021,Saturday
20210122,1/23/2021 7:32,2082,7:32,1/23/2021,Saturday
20210122,1/23/2021 7:31,6247,7:31,1/23/2021,Saturday
20210123,1/24/2021 3:13,4166,3:13,1/24/2021,Sunday
20210124,1/25/2021 2:21,4166,2:21,1/25/2021,Monday
20210125,1/26/2021 2:21,4170,2:21,1/26/2021,Tuesday
20210126,1/27/2021 1:54,4170,1:54,1/27/2021,Wednesday
20210127,1/28/2021 2:25,4170,2:25,1/28/2021,Thursday
20210128,1/29/2021 3:28,4170,3:28,1/29/2021,Friday
20210129,1/30/2021 3:21,2079,3:21,1/30/2021,Saturday
20210130,1/31/2021 3:05,4170,3:05,1/31/2021,Sunday
20210131,2/1/2021 7:22,4170,7:22,2/1/2021,Monday
20210131,2/1/2021 7:30,2042,7:30,2/1/2021,Monday
20210201,2/2/2021 4:56,4170,4:56,2/2/2021,Tuesday
20210202,2/3/2021 4:26,4174,4:26,2/3/2021,Wednesday
20210203,2/4/2021 3:07,4174,3:07,2/4/2021,Thursday
20210204,2/5/2021 3:03,4174,3:03,2/5/2021,Friday
20210205,2/6/2021 5:03,4173,5:03,2/6/2021,Saturday
20210205,2/6/2021 7:25,2086,7:25,2/6/2021,Saturday
20210206,2/7/2021 6:11,4174,6:11,2/7/2021,Sunday
20210207,2/8/2021 2:13,4174,2:13,2/8/2021,Monday
20210208,2/9/2021 3:44,4174,3:44,2/9/2021,Tuesday
20210209,2/10/2021 4:19,4174,4:19,2/10/2021,Wednesday
20210210,2/11/2021 3:51,4176,3:51,2/11/2021,Thursday
20210211,2/12/2021 3:19,4182,3:19,2/12/2021,Friday
20210212,2/13/2021 3:32,4181,3:32,2/13/2021,Saturday
20210212,2/13/2021 7:11,2090,7:11,2/13/2021,Saturday
20210213,2/14/2021 2:16,4182,2:16,2/14/2021,Sunday
20210214,2/15/2021 1:37,4182,1:37,2/15/2021,Monday
20210215,2/16/2021 7:35,4182,7:35,2/16/2021,Tuesday
20210216,2/17/2021 2:58,4182,2:58,2/17/2021,Wednesday
20210217,2/18/2021 1:50,4184,1:50,2/18/2021,Thursday
20210218,2/19/2021 2:43,4184,2:43,2/19/2021,Friday
20210219,2/20/2021 3:21,4183,3:21,2/20/2021,Saturday
20210219,2/20/2021 7:18,2091,7:18,2/20/2021,Saturday
20210220,2/21/2021 1:51,4184,1:51,2/21/2021,Sunday
20210221,2/22/2021 0:38,4184,0:38,2/22/2021,Monday
20210222,2/23/2021 3:01,4186,3:01,2/23/2021,Tuesday
20210223,2/24/2021 2:29,4186,2:29,2/24/2021,Wednesday
20210224,2/25/2021 2:09,4186,2:09,2/25/2021,Thursday
20210225,2/26/2021 2:51,4186,2:51,2/26/2021,Friday
20210226,2/27/2021 5:37,4185,5:37,2/27/2021,Saturday
20210226,2/27/2021 7:22,2092,7:22,2/27/2021,Saturday
20210227,2/28/2021 2:20,4186,2:20,2/28/2021,Sunday
20210228,3/1/2021 7:23,4186,7:23,3/1/2021,Monday
20210228,3/1/2021 8:27,2050,8:27,3/1/2021,Monday
20210301,3/2/2021 2:57,4188,2:57,3/2/2021,Tuesday
20210302,3/3/2021 2:53,4188,2:53,3/3/2021,Wednesday
20210303,3/4/2021 3:13,4188,3:13,3/4/2021,Thursday
20210304,3/5/2021 2:41,4188,2:41,3/5/2021,Friday
20210305,3/6/2021 8:50,4195,8:50,3/6/2021,Saturday
20210305,3/6/2021 9:26,0,9:26,3/6/2021,Saturday
20210306,3/7/2021 4:48,4208,4:48,3/7/2021,Sunday
20210307,3/8/2021 1:37,4208,1:37,3/8/2021,Monday
20210308,3/9/2021 4:30,4208,4:30,3/9/2021,Tuesday
20210309,3/10/2021 3:37,4208,3:37,3/10/2021,Wednesday
20210310,3/11/2021 3:46,4208,3:46,3/11/2021,Thursday
20210311,3/12/2021 2:28,4210,2:28,3/12/2021,Friday
20210312,3/13/2021 5:05,4213,5:05,3/13/2021,Saturday
20210313,3/14/2021 4:16,4214,4:16,3/14/2021,Sunday
20210314,3/15/2021 2:46,4214,2:46,3/15/2021,Monday
20210315,3/16/2021 2:06,4218,2:06,3/16/2021,Tuesday
20210316,3/17/2021 2:14,4218,2:14,3/17/2021,Wednesday
20210317,3/18/2021 4:06,4218,4:06,3/18/2021,Thursday
20210318,3/19/2021 2:49,4218,2:49,3/19/2021,Friday
20210319,3/20/2021 4:05,4217,4:05,3/20/2021,Saturday
20210319,3/20/2021 7:23,2108,7:23,3/20/2021,Saturday
20210319,3/20/2021 7:22,6325,7:22,3/20/2021,Saturday
20210320,3/21/2021 3:32,4234,3:32,3/21/2021,Sunday
20210321,3/22/2021 1:31,4234,1:31,3/22/2021,Monday
20210322,3/23/2021 3:33,4234,3:33,3/23/2021,Tuesday
20210323,3/24/2021 3:32,4250,3:32,3/24/2021,Wednesday
20210324,3/25/2021 3:40,4256,3:40,3/25/2021,Thursday
20210325,3/26/2021 2:17,4256,2:17,3/26/2021,Friday
20210326,3/27/2021 4:29,6382,4:29,3/27/2021,Saturday
20210327,3/28/2021 3:34,4256,3:34,3/28/2021,Sunday
20210328,3/29/2021 2:34,4258,2:34,3/29/2021,Monday
20210329,3/30/2021 2:45,4258,2:45,3/30/2021,Tuesday
20210330,3/31/2021 6:31,4258,6:31,3/31/2021,Wednesday
20210331,4/1/2021 23:43,4274,23:43,4/1/2021,Thursday
20210331,11/1/2021 10:32,2172,10:32,11/1/2021,Monday
20210331,4/2/2021 1:18,4231,1:18,4/2/2021,Friday
20210331,4/3/2021 12:21,8505,12:21,4/3/2021,Saturday
20210331,4/1/2021 20:56,8505,20:56,4/1/2021,Thursday
20210331,4/1/2021 21:18,4054,21:18,4/1/2021,Thursday
20210401,4/2/2021 12:55,4276,12:55,4/2/2021,Friday
20210402,4/3/2021 4:56,4275,4:56,4/3/2021,Saturday
20210402,4/3/2021 6:27,2137,6:27,4/3/2021,Saturday
20210403,4/4/2021 4:29,4276,4:29,4/4/2021,Sunday
20210404,4/5/2021 2:17,4276,2:17,4/5/2021,Monday
20210405,4/6/2021 3:51,4276,3:51,4/6/2021,Tuesday
20210406,4/7/2021 2:48,4276,2:48,4/7/2021,Wednesday
20210407,4/8/2021 2:45,4276,2:45,4/8/2021,Thursday
20210408,4/9/2021 3:04,4276,3:04,4/9/2021,Friday
20210409,4/10/2021 4:49,4275,4:49,4/10/2021,Saturday
20210409,4/10/2021 7:37,2137,7:37,4/10/2021,Saturday
20210410,4/11/2021 2:30,4276,2:30,4/11/2021,Sunday
20210411,4/12/2021 2:14,4276,2:14,4/12/2021,Monday
20210412,4/13/2021 4:45,4276,4:45,4/13/2021,Tuesday
20210413,4/14/2021 4:28,4276,4:28,4/14/2021,Wednesday
20210414,4/15/2021 2:27,4276,2:27,4/15/2021,Thursday
20210415,4/16/2021 3:42,4276,3:42,4/16/2021,Friday
20210416,4/17/2021 4:39,4276,4:39,4/17/2021,Saturday
20210417,4/18/2021 3:41,4276,3:41,4/18/2021,Sunday
20210418,4/19/2021 1:37,4276,1:37,4/19/2021,Monday
20210419,4/20/2021 4:49,4276,4:49,4/20/2021,Tuesday
20210420,4/21/2021 2:51,4276,2:51,4/21/2021,Wednesday
20210421,4/22/2021 1:57,4276,1:57,4/22/2021,Thursday
20210422,4/23/2021 3:18,4278,3:18,4/23/2021,Friday
20210423,4/24/2021 1:57,4277,1:57,4/24/2021,Saturday
20210424,4/25/2021 2:30,4278,2:30,4/25/2021,Sunday
20210425,4/26/2021 1:18,4278,1:18,4/26/2021,Monday
20210426,4/27/2021 1:50,4278,1:50,4/27/2021,Tuesday
20210427,4/28/2021 2:13,4278,2:13,4/28/2021,Wednesday
20210428,4/29/2021 2:22,4278,2:22,4/29/2021,Thursday
20210429,4/30/2021 1:14,4278,1:14,4/30/2021,Friday
20210430,5/1/2021 7:03,6415,7:03,5/1/2021,Saturday
20210501,5/2/2021 3:16,4278,3:16,5/2/2021,Sunday
20210502,5/3/2021 3:47,4278,3:47,5/3/2021,Monday
20210503,5/4/2021 3:23,4278,3:23,5/4/2021,Tuesday
20210504,5/5/2021 3:48,4278,3:48,5/5/2021,Wednesday
20210505,5/6/2021 3:52,4278,3:52,5/6/2021,Thursday
20210506,5/7/2021 3:27,4278,3:27,5/7/2021,Friday
20210507,5/8/2021 6:54,4277,6:54,5/8/2021,Saturday
20210507,5/8/2021 6:56,6415,6:56,5/8/2021,Saturday
20210507,5/8/2021 6:58,2138,6:58,5/8/2021,Saturday
20210508,5/9/2021 4:19,4278,4:19,5/9/2021,Sunday
20210509,5/10/2021 2:33,4278,2:33,5/10/2021,Monday
20210510,5/11/2021 3:15,4278,3:15,5/11/2021,Tuesday
20210511,5/12/2021 3:10,4278,3:10,5/12/2021,Wednesday
20210512,5/13/2021 1:38,4278,1:38,5/13/2021,Thursday
20210513,5/14/2021 2:06,4278,2:06,5/14/2021,Friday
20210514,5/15/2021 2:17,4277,2:17,5/15/2021,Saturday
20210514,5/15/2021 7:29,2138,7:29,5/15/2021,Saturday
20210515,5/16/2021 2:17,4278,2:17,5/16/2021,Sunday
20210516,5/17/2021 1:46,4278,1:46,5/17/2021,Monday
20210517,5/18/2021 1:51,4278,1:51,5/18/2021,Tuesday
20210518,5/19/2021 5:02,4278,5:02,5/19/2021,Wednesday
20210519,5/20/2021 2:04,4278,2:04,5/20/2021,Thursday
20210520,5/21/2021 2:52,4278,2:52,5/21/2021,Friday
20210521,5/22/2021 2:56,4277,2:56,5/22/2021,Saturday
20210521,5/22/2021 7:37,2138,7:37,5/22/2021,Saturday
20210521,5/22/2021 7:37,6415,7:37,5/22/2021,Saturday
20210522,5/23/2021 1:38,4278,1:38,5/23/2021,Sunday
20210523,5/24/2021 1:31,4278,1:31,5/24/2021,Monday
20210524,5/25/2021 2:56,4278,2:56,5/25/2021,Tuesday
20210525,5/26/2021 2:10,4278,2:10,5/26/2021,Wednesday
20210526,5/27/2021 1:13,4278,1:13,5/27/2021,Thursday
20210527,5/28/2021 3:20,4278,3:20,5/28/2021,Friday
20210528,5/29/2021 2:57,4277,2:57,5/29/2021,Saturday
20210529,5/30/2021 2:18,4280,2:18,5/30/2021,Sunday
20210530,5/31/2021 4:14,4280,4:14,5/31/2021,Monday
20210531,6/1/2021 11:47,4280,11:47,6/1/2021,Tuesday
20210601,6/2/2021 8:08,4280,8:08,6/2/2021,Wednesday
20210602,6/3/2021 3:53,4280,3:53,6/3/2021,Thursday
20210603,6/4/2021 3:24,4280,3:24,6/4/2021,Friday
20210604,6/5/2021 4:18,4279,4:18,6/5/2021,Saturday
20210605,6/6/2021 3:22,4280,3:22,6/6/2021,Sunday
20210606,6/7/2021 2:49,4280,2:49,6/7/2021,Monday
20210607,6/8/2021 4:10,4280,4:10,6/8/2021,Tuesday
20210608,6/9/2021 2:57,4280,2:57,6/9/2021,Wednesday
20210609,6/10/2021 3:26,4280,3:26,6/10/2021,Thursday
20210610,6/11/2021 2:21,4280,2:21,6/11/2021,Friday
20210611,6/12/2021 7:11,4279,7:11,6/12/2021,Saturday
20210611,6/12/2021 4:04,6418,4:04,6/12/2021,Saturday
20210612,6/13/2021 2:48,4280,2:48,6/13/2021,Sunday
20210613,6/14/2021 2:28,4280,2:28,6/14/2021,Monday
20210614,6/15/2021 2:27,4280,2:27,6/15/2021,Tuesday
20210615,6/16/2021 3:04,4280,3:04,6/16/2021,Wednesday
20210616,6/17/2021 2:07,4280,2:07,6/17/2021,Thursday
20210617,6/18/2021 1:53,4280,1:53,6/18/2021,Friday
20210618,6/19/2021 3:52,4279,3:52,6/19/2021,Saturday
20210618,6/19/2021 6:29,6418,6:29,6/19/2021,Saturday
20210619,6/20/2021 2:46,4280,2:46,6/20/2021,Sunday
20210620,6/21/2021 2:12,4280,2:12,6/21/2021,Monday
20210621,6/22/2021 2:29,4280,2:29,6/22/2021,Tuesday
20210622,6/23/2021 3:39,4280,3:39,6/23/2021,Wednesday
20210623,6/24/2021 3:00,4280,3:00,6/24/2021,Thursday
20210624,6/25/2021 3:06,4280,3:06,6/25/2021,Friday
20210625,6/26/2021 4:05,4279,4:05,6/26/2021,Saturday
20210625,6/26/2021 6:52,6418,6:52,6/26/2021,Saturday
20210626,6/27/2021 1:56,4280,1:56,6/27/2021,Sunday
20210627,6/28/2021 2:37,4280,2:37,6/28/2021,Monday
20210628,6/29/2021 8:58,4282,8:58,6/29/2021,Tuesday
20210629,6/30/2021 3:43,4284,3:43,6/30/2021,Wednesday
20210630,7/1/2021 15:49,4282,15:49,7/1/2021,Thursday
20210630,7/1/2021 14:12,8521,14:12,7/1/2021,Thursday
20210701,7/2/2021 6:32,4287,6:32,7/2/2021,Friday
20210702,7/3/2021 6:57,4287,6:57,7/3/2021,Saturday
20210702,7/3/2021 7:03,2143,7:03,7/3/2021,Saturday
20210703,7/4/2021 4:17,4288,4:17,7/4/2021,Sunday
20210704,7/5/2021 2:25,4288,2:25,7/5/2021,Monday
20210705,7/6/2021 2:53,4288,2:53,7/6/2021,Tuesday
20210706,7/7/2021 2:44,4288,2:44,7/7/2021,Wednesday
20210707,7/8/2021 2:45,4288,2:45,7/8/2021,Thursday
20210708,7/9/2021 1:50,4288,1:50,7/9/2021,Friday
20210709,7/10/2021 3:27,6431,3:27,7/10/2021,Saturday
20210710,7/11/2021 2:17,4288,2:17,7/11/2021,Sunday
20210711,7/12/2021 3:51,4288,3:51,7/12/2021,Monday
20210712,7/13/2021 2:10,4290,2:10,7/13/2021,Tuesday
20210713,7/14/2021 1:43,4290,1:43,7/14/2021,Wednesday
20210714,7/15/2021 1:40,4294,1:40,7/15/2021,Thursday
20210715,7/16/2021 1:56,4294,1:56,7/16/2021,Friday
20210716,7/17/2021 3:06,4293,3:06,7/17/2021,Saturday
20210716,7/17/2021 7:05,2146,7:05,7/17/2021,Saturday
20210717,7/18/2021 1:29,4294,1:29,7/18/2021,Sunday
20210718,7/19/2021 1:46,4294,1:46,7/19/2021,Monday
20210719,7/20/2021 1:48,4294,1:48,7/20/2021,Tuesday
20210720,7/21/2021 1:55,4294,1:55,7/21/2021,Wednesday
20210721,7/22/2021 2:01,4294,2:01,7/22/2021,Thursday
20210722,7/23/2021 1:45,4294,1:45,7/23/2021,Friday
20210723,7/24/2021 4:49,4293,4:49,7/24/2021,Saturday
20210723,7/24/2021 7:03,2146,7:03,7/24/2021,Saturday
20210724,7/25/2021 2:16,4294,2:16,7/25/2021,Sunday
20210725,7/26/2021 1:15,4294,1:15,7/26/2021,Monday
20210726,7/27/2021 1:26,4294,1:26,7/27/2021,Tuesday
20210727,7/28/2021 1:45,4294,1:45,7/28/2021,Wednesday
20210728,7/29/2021 2:03,4294,2:03,7/29/2021,Thursday
20210729,7/30/2021 2:18,4294,2:18,7/30/2021,Friday
20210730,7/31/2021 3:22,4297,3:22,7/31/2021,Saturday
20210730,7/31/2021 8:31,2148,8:31,7/31/2021,Saturday
20210731,8/1/2021 10:02,4298,10:02,8/1/2021,Sunday
20210731,8/1/2021 10:11,2105,10:11,8/1/2021,Sunday
20210801,8/2/2021 2:39,4298,2:39,8/2/2021,Monday
20210802,8/3/2021 4:20,4298,4:20,8/3/2021,Tuesday
20210803,8/4/2021 3:57,4298,3:57,8/4/2021,Wednesday
20210804,8/5/2021 1:53,4298,1:53,8/5/2021,Thursday
20210805,8/6/2021 2:47,4302,2:47,8/6/2021,Friday
20210806,8/7/2021 4:07,4301,4:07,8/7/2021,Saturday
20210806,8/7/2021 7:05,4301,7:05,8/7/2021,Saturday
20210806,8/7/2021 7:06,2150,7:06,8/7/2021,Saturday
20210807,8/8/2021 2:32,4306,2:32,8/8/2021,Sunday
20210808,8/9/2021 1:56,4306,1:56,8/9/2021,Monday
20210809,8/10/2021 2:58,4306,2:58,8/10/2021,Tuesday
20210810,8/11/2021 3:04,4306,3:04,8/11/2021,Wednesday
20210811,8/12/2021 2:33,4306,2:33,8/12/2021,Thursday
20210812,8/13/2021 2:52,4306,2:52,8/13/2021,Friday
20210813,8/14/2021 4:18,4311,4:18,8/14/2021,Saturday
20210813,8/14/2021 6:37,2155,6:37,8/14/2021,Saturday
20210814,8/15/2021 1:34,4312,1:34,8/15/2021,Sunday
20210815,8/16/2021 1:47,4312,1:47,8/16/2021,Monday
20210816,8/17/2021 1:44,4312,1:44,8/17/2021,Tuesday
20210817,8/18/2021 2:48,4312,2:48,8/18/2021,Wednesday
20210818,8/19/2021 1:39,4312,1:39,8/19/2021,Thursday
20210819,8/20/2021 1:27,4312,1:27,8/20/2021,Friday
20210820,8/21/2021 2:42,4321,2:42,8/21/2021,Saturday
20210820,8/21/2021 7:46,2160,7:46,8/21/2021,Saturday
20210820,8/21/2021 7:46,6481,7:46,8/21/2021,Saturday
20210821,8/22/2021 4:06,4322,4:06,8/22/2021,Sunday
20210822,8/23/2021 1:56,4322,1:56,8/23/2021,Monday
20210823,8/24/2021 1:43,4322,1:43,8/24/2021,Tuesday
20210824,8/25/2021 2:36,4328,2:36,8/25/2021,Wednesday
20210825,8/26/2021 2:53,4328,2:53,8/26/2021,Thursday
20210826,8/27/2021 2:13,4338,2:13,8/27/2021,Friday
20210827,8/28/2021 3:21,4339,3:21,8/28/2021,Saturday
20210828,8/29/2021 2:32,4340,2:32,8/29/2021,Sunday
20210829,8/30/2021 1:14,4340,1:14,8/30/2021,Monday
20210830,8/31/2021 2:29,4340,2:29,8/31/2021,Tuesday
20210831,9/1/2021 8:57,4340,8:57,9/1/2021,Wednesday
20210901,9/2/2021 3:11,4344,3:11,9/2/2021,Thursday
20210902,9/3/2021 2:34,4344,2:34,9/3/2021,Friday
20210903,9/4/2021 3:31,4345,3:31,9/4/2021,Saturday
20210904,9/5/2021 1:55,4358,1:55,9/5/2021,Sunday
20210905,9/6/2021 3:58,4358,3:58,9/6/2021,Monday
20210906,9/7/2021 2:58,4358,2:58,9/7/2021,Tuesday
20210907,9/8/2021 1:18,4360,1:18,9/8/2021,Wednesday
20210908,9/9/2021 1:53,4360,1:53,9/9/2021,Thursday
20210909,9/10/2021 2:45,4380,2:45,9/10/2021,Friday
20210910,9/11/2021 7:15,4379,7:15,9/11/2021,Saturday
20210910,9/11/2021 3:01,6568,3:01,9/11/2021,Saturday
20210911,9/12/2021 1:47,4380,1:47,9/12/2021,Sunday
20210912,9/13/2021 3:12,4380,3:12,9/13/2021,Monday
20210913,9/14/2021 2:11,4380,2:11,9/14/2021,Tuesday
20210914,9/15/2021 2:02,4394,2:02,9/15/2021,Wednesday
20210915,9/16/2021 3:17,4398,3:17,9/16/2021,Thursday
20210916,9/17/2021 3:53,4406,3:53,9/17/2021,Friday
20210917,9/18/2021 1:42,4405,1:42,9/18/2021,Saturday
20210917,9/18/2021 6:33,2202,6:33,9/18/2021,Saturday
20210918,9/19/2021 1:54,4406,1:54,9/19/2021,Sunday
20210919,9/20/2021 3:08,4406,3:08,9/20/2021,Monday
20210920,9/21/2021 1:41,4406,1:41,9/21/2021,Tuesday
20210921,9/22/2021 2:58,4406,2:58,9/22/2021,Wednesday
20210922,9/23/2021 3:01,4406,3:01,9/23/2021,Thursday
20210923,9/24/2021 2:23,4406,2:23,9/24/2021,Friday
20210924,9/25/2021 2:46,6607,2:46,9/25/2021,Saturday
20210924,9/25/2021 7:13,6607,7:13,9/25/2021,Saturday
20210924,9/25/2021 7:15,2202,7:15,9/25/2021,Saturday
20210925,9/26/2021 1:19,4406,1:19,9/26/2021,Sunday
20210926,9/27/2021 0:38,4406,0:38,9/27/2021,Monday
20210927,9/28/2021 1:55,4406,1:55,9/28/2021,Tuesday
20210928,9/29/2021 2:25,4406,2:25,9/29/2021,Wednesday
20210929,9/30/2021 4:08,4406,4:08,9/30/2021,Thursday
20210930,10/1/2021 9:46,4404,9:46,10/1/2021,Friday
20210930,10/1/2021 10:14,4360,10:14,10/1/2021,Friday
20211001,10/2/2021 5:19,4413,5:19,10/2/2021,Saturday
20211001,10/2/2021 9:07,2206,9:07,10/2/2021,Saturday
20211002,10/3/2021 3:05,4414,3:05,10/3/2021,Sunday
20211003,10/4/2021 3:13,4414,3:13,10/4/2021,Monday
20211004,10/5/2021 3:07,4414,3:07,10/5/2021,Tuesday
20211005,10/6/2021 2:14,4414,2:14,10/6/2021,Wednesday
20211006,10/7/2021 2:28,4414,2:28,10/7/2021,Thursday
20211007,10/8/2021 2:04,4414,2:04,10/8/2021,Friday
20211008,10/9/2021 5:13,4413,5:13,10/9/2021,Saturday
20211008,10/9/2021 6:50,2206,6:50,10/9/2021,Saturday
20211009,10/10/2021 1:40,4414,1:40,10/10/2021,Sunday
20211010,10/11/2021 1:57,4414,1:57,10/11/2021,Monday
20211011,10/12/2021 2:55,4414,2:55,10/12/2021,Tuesday
20211012,10/13/2021 2:20,4418,2:20,10/13/2021,Wednesday
20211013,10/14/2021 3:00,4428,3:00,10/14/2021,Thursday
20211014,10/15/2021 2:38,4428,2:38,10/15/2021,Friday
20211015,10/16/2021 2:28,4427,2:28,10/16/2021,Saturday
20211016,10/17/2021 1:31,4428,1:31,10/17/2021,Sunday
20211017,10/18/2021 1:13,4428,1:13,10/18/2021,Monday
20211018,10/19/2021 1:46,4428,1:46,10/19/2021,Tuesday
20211019,10/20/2021 0:56,4428,0:56,10/20/2021,Wednesday
20211020,10/21/2021 1:26,4428,1:26,10/21/2021,Thursday
20211021,10/22/2021 1:47,4428,1:47,10/22/2021,Friday
20211022,10/23/2021 3:24,4427,3:24,10/23/2021,Saturday
20211022,10/23/2021 6:40,2213,6:40,10/23/2021,Saturday
20211023,10/24/2021 11:41,4428,11:41,10/24/2021,Sunday
20211024,10/24/2021 15:56,4428,15:56,10/24/2021,Sunday
20211024,10/25/2021 2:45,4428,2:45,10/25/2021,Monday
20211025,10/26/2021 3:05,4428,3:05,10/26/2021,Tuesday
20211026,10/27/2021 2:06,4428,2:06,10/27/2021,Wednesday
20211027,10/28/2021 2:58,4428,2:58,10/28/2021,Thursday
20211028,10/29/2021 1:53,4428,1:53,10/29/2021,Friday
20211029,10/30/2021 2:53,4435,2:53,10/30/2021,Saturday
20211029,10/30/2021 7:12,6652,7:12,10/30/2021,Saturday
20211029,10/30/2021 7:31,2217,7:31,10/30/2021,Saturday
20211030,10/31/2021 4:43,4436,4:43,10/31/2021,Sunday
20211031,11/1/2021 8:04,4436,8:04,11/1/2021,Monday
20211101,11/2/2021 3:03,4436,3:03,11/2/2021,Tuesday
20211102,11/3/2021 5:03,4436,5:03,11/3/2021,Wednesday
20211103,11/4/2021 2:32,4436,2:32,11/4/2021,Thursday
20211104,11/5/2021 2:29,4436,2:29,11/5/2021,Friday
20211105,11/6/2021 3:27,4435,3:27,11/6/2021,Saturday
20211105,11/6/2021 7:16,2217,7:16,11/6/2021,Saturday
20211106,11/7/2021 2:50,4438,2:50,11/7/2021,Sunday
20211107,11/8/2021 2:25,4438,2:25,11/8/2021,Monday
20211108,11/9/2021 2:00,4438,2:00,11/9/2021,Tuesday
20211109,11/10/2021 1:37,4438,1:37,11/10/2021,Wednesday
20211110,11/11/2021 2:12,4438,2:12,11/11/2021,Thursday
20211111,11/12/2021 1:40,4438,1:40,11/12/2021,Friday
20211112,11/13/2021 2:17,4437,2:17,11/13/2021,Saturday
20211112,11/13/2021 7:37,2218,7:37,11/13/2021,Saturday
20211113,11/14/2021 1:25,4438,1:25,11/14/2021,Sunday
20211114,11/15/2021 1:01,4438,1:01,11/15/2021,Monday
20211115,11/16/2021 2:46,4438,2:46,11/16/2021,Tuesday
20211116,11/17/2021 2:05,4438,2:05,11/17/2021,Wednesday
20211117,11/18/2021 2:03,4438,2:03,11/18/2021,Thursday
20211118,11/19/2021 1:30,4438,1:30,11/19/2021,Friday
20211119,11/20/2021 1:58,4437,1:58,11/20/2021,Saturday
20211120,11/21/2021 2:56,4438,2:56,11/21/2021,Sunday
20211121,11/22/2021 1:58,4438,1:58,11/22/2021,Monday
20211122,11/23/2021 2:02,4438,2:02,11/23/2021,Tuesday
20211123,11/24/2021 1:59,4438,1:59,11/24/2021,Wednesday
20211124,11/25/2021 2:16,4438,2:16,11/25/2021,Thursday
20211125,11/26/2021 3:38,4438,3:38,11/26/2021,Friday
20211126,11/27/2021 4:43,4437,4:43,11/27/2021,Saturday
20211126,11/27/2021 6:35,2218,6:35,11/27/2021,Saturday
20211127,11/28/2021 2:53,4438,2:53,11/28/2021,Sunday
20211128,11/29/2021 2:38,4438,2:38,11/29/2021,Monday
20211129,11/30/2021 3:30,4438,3:30,11/30/2021,Tuesday
20211130,12/1/2021 11:22,4442,11:22,12/1/2021,Wednesday
20211130,12/1/2021 7:27,6617,7:27,12/1/2021,Wednesday
20211130,12/1/2021 7:44,6617,7:44,12/1/2021,Wednesday
20211201,12/2/2021 3:19,4442,3:19,12/2/2021,Thursday
20211202,12/3/2021 3:43,4442,3:43,12/3/2021,Friday
20211203,12/4/2021 7:16,4441,7:16,12/4/2021,Saturday
20211203,12/4/2021 3:20,6661,3:20,12/4/2021,Saturday
20211204,12/5/2021 2:04,4442,2:04,12/5/2021,Sunday
20211205,12/6/2021 4:21,4442,4:21,12/6/2021,Monday
20211206,12/7/2021 4:08,4442,4:08,12/7/2021,Tuesday
20211207,12/8/2021 2:33,4442,2:33,12/8/2021,Wednesday
20211208,12/9/2021 2:50,4444,2:50,12/9/2021,Thursday
20211209,12/10/2021 3:08,4444,3:08,12/10/2021,Friday
20211210,12/11/2021 4:14,4443,4:14,12/11/2021,Saturday
20211210,12/11/2021 6:23,6664,6:23,12/11/2021,Saturday
20211211,12/12/2021 1:27,4444,1:27,12/12/2021,Sunday
20211212,12/13/2021 1:01,4444,1:01,12/13/2021,Monday
20211213,12/14/2021 2:27,4444,2:27,12/14/2021,Tuesday
20211214,12/15/2021 2:49,4444,2:49,12/15/2021,Wednesday
20211215,12/16/2021 2:34,4444,2:34,12/16/2021,Thursday
20211216,12/17/2021 1:48,4446,1:48,12/17/2021,Friday
20211217,12/18/2021 3:33,4445,3:33,12/18/2021,Saturday
20211218,12/19/2021 1:59,4446,1:59,12/19/2021,Sunday
20211219,12/20/2021 1:09,4446,1:09,12/20/2021,Monday
20211220,12/21/2021 2:57,4446,2:57,12/21/2021,Tuesday
20211221,12/22/2021 2:02,4446,2:02,12/22/2021,Wednesday
20211222,12/23/2021 1:59,4446,1:59,12/23/2021,Thursday
20211223,12/24/2021 11:40,4446,11:40,12/24/2021,Friday
20211223,12/24/2021 2:58,8844,2:58,12/24/2021,Friday
20211224,12/25/2021 6:39,4445,6:39,12/25/2021,Saturday
20211224,12/25/2021 6:59,2222,6:59,12/25/2021,Saturday
20211225,12/26/2021 3:49,4446,3:49,12/26/2021,Sunday
20211226,12/27/2021 4:25,4446,4:25,12/27/2021,Monday
20211227,12/28/2021 4:23,4446,4:23,12/28/2021,Tuesday
20211228,12/29/2021 1:30,4450,1:30,12/29/2021,Wednesday
20211229,12/30/2021 2:09,4450,2:09,12/30/2021,Thursday
20211230,12/31/2021 2:42,4450,2:42,12/31/2021,Friday
20211231,1/1/2022 15:31,4448,15:31,1/1/2022,Saturday
20220101,1/2/2022 4:30,4450,4:30,1/2/2022,Sunday
20220102,1/3/2022 2:06,4450,2:06,1/3/2022,Monday
20220103,1/4/2022 4:02,4450,4:02,1/4/2022,Tuesday
20220104,1/5/2022 3:04,4450,3:04,1/5/2022,Wednesday
20220105,1/6/2022 3:48,4450,3:48,1/6/2022,Thursday
20220106,1/7/2022 2:39,4450,2:39,1/7/2022,Friday
20220107,1/8/2022 3:28,4449,3:28,1/8/2022,Saturday
20220108,1/9/2022 2:03,4450,2:03,1/9/2022,Sunday
20220109,1/10/2022 2:28,4450,2:28,1/10/2022,Monday
20220110,1/11/2022 2:52,4450,2:52,1/11/2022,Tuesday
20220111,1/12/2022 1:18,4450,1:18,1/12/2022,Wednesday
20220112,1/13/2022 2:58,4450,2:58,1/13/2022,Thursday
20220113,1/14/2022 3:35,4450,3:35,1/14/2022,Friday
20220114,1/15/2022 2:47,4449,2:47,1/15/2022,Saturday
20220114,1/15/2022 6:21,2224,6:21,1/15/2022,Saturday
20220115,1/16/2022 1:48,4450,1:48,1/16/2022,Sunday
20220116,1/17/2022 1:44,4450,1:44,1/17/2022,Monday
20220117,1/18/2022 2:18,4450,2:18,1/18/2022,Tuesday
20220118,1/19/2022 1:37,4450,1:37,1/19/2022,Wednesday
20220119,1/20/2022 1:40,4450,1:40,1/20/2022,Thursday
20220120,1/21/2022 2:06,4450,2:06,1/21/2022,Friday
20220121,1/22/2022 7:06,4451,7:06,1/22/2022,Saturday
20220121,1/22/2022 3:32,6676,3:32,1/22/2022,Saturday
20220122,1/23/2022 2:47,4452,2:47,1/23/2022,Sunday
20220123,1/24/2022 1:31,4452,1:31,1/24/2022,Monday
20220124,1/25/2022 3:06,4452,3:06,1/25/2022,Tuesday
20220125,1/26/2022 1:52,4452,1:52,1/26/2022,Wednesday
20220126,1/27/2022 4:33,4452,4:33,1/27/2022,Thursday
20220127,1/28/2022 2:04,4452,2:04,1/28/2022,Friday
20220128,1/29/2022 3:10,4451,3:10,1/29/2022,Saturday
20220128,1/29/2022 7:34,6676,7:34,1/29/2022,Saturday
20220129,1/30/2022 1:38,4454,1:38,1/30/2022,Sunday
20220130,1/31/2022 1:16,4454,1:16,1/31/2022,Monday
20220131,2/1/2022 7:07,4454,7:07,2/1/2022,Tuesday
20220131,2/1/2022 7:16,6635,7:16,2/1/2022,Tuesday
20220201,2/2/2022 2:33,4454,2:33,2/2/2022,Wednesday
20220202,2/3/2022 2:58,4454,2:58,2/3/2022,Thursday
20220203,2/4/2022 4:08,4454,4:08,2/4/2022,Friday
20220204,2/5/2022 3:53,4453,3:53,2/5/2022,Saturday
20220204,2/5/2022 7:11,6679,7:11,2/5/2022,Saturday
20220205,2/6/2022 3:32,4454,3:32,2/6/2022,Sunday
20220206,2/7/2022 13:09,4454,13:09,2/7/2022,Monday
20220207,2/8/2022 2:40,4454,2:40,2/8/2022,Tuesday
20220208,2/9/2022 4:57,4456,4:57,2/9/2022,Wednesday
20220209,2/10/2022 2:55,4456,2:55,2/10/2022,Thursday
20220210,2/11/2022 2:47,4456,2:47,2/11/2022,Friday
20220211,2/12/2022 3:46,4455,3:46,2/12/2022,Saturday
20220212,2/13/2022 4:06,4456,4:06,2/13/2022,Sunday
20220213,2/14/2022 5:50,4456,5:50,2/14/2022,Monday
20220214,2/15/2022 3:09,4462,3:09,2/15/2022,Tuesday
20220215,2/16/2022 2:48,4462,2:48,2/16/2022,Wednesday
20220216,2/17/2022 2:31,4516,2:31,2/17/2022,Thursday
20220217,2/18/2022 1:56,4516,1:56,2/18/2022,Friday
20220218,2/19/2022 2:22,4515,2:22,2/19/2022,Saturday
20220219,2/20/2022 2:34,4516,2:34,2/20/2022,Sunday
20220220,2/21/2022 2:01,4516,2:01,2/21/2022,Monday
20220221,2/22/2022 2:59,4516,2:59,2/22/2022,Tuesday
20220222,2/23/2022 2:42,4516,2:42,2/23/2022,Wednesday
20220223,2/24/2022 3:02,4522,3:02,2/24/2022,Thursday
20220224,2/25/2022 3:47,4522,3:47,2/25/2022,Friday
20220225,2/26/2022 7:25,4521,7:25,2/26/2022,Saturday
20220225,2/26/2022 4:11,6781,4:11,2/26/2022,Saturday
20220226,2/27/2022 3:44,4522,3:44,2/27/2022,Sunday
20220227,2/28/2022 1:56,4522,1:56,2/28/2022,Monday
20220228,3/1/2022 8:03,6737,8:03,3/1/2022,Tuesday
20220228,3/1/2022 7:30,6737,7:30,3/1/2022,Tuesday
20220301,3/2/2022 15:55,4522,15:55,3/2/2022,Wednesday
20220301,3/2/2022 2:23,4522,2:23,3/2/2022,Wednesday
20220302,3/3/2022 3:20,4522,3:20,3/3/2022,Thursday
20220303,3/4/2022 3:51,4526,3:51,3/4/2022,Friday
20220304,3/5/2022 7:11,4525,7:11,3/5/2022,Saturday
20220304,3/5/2022 3:50,6787,3:50,3/5/2022,Saturday
20220305,3/6/2022 5:22,4526,5:22,3/6/2022,Sunday
20220306,3/7/2022 2:03,4526,2:03,3/7/2022,Monday
20220307,3/8/2022 3:34,4526,3:34,3/8/2022,Tuesday
20220308,3/9/2022 3:19,4528,3:19,3/9/2022,Wednesday
20220309,3/10/2022 2:58,4528,2:58,3/10/2022,Thursday
20220310,3/11/2022 3:10,4528,3:10,3/11/2022,Friday
20220311,3/12/2022 4:48,6790,4:48,3/12/2022,Saturday
20220311,3/12/2022 6:38,6790,6:38,3/12/2022,Saturday
20220312,3/13/2022 3:27,4528,3:27,3/13/2022,Sunday
20220313,3/14/2022 2:38,4528,2:38,3/14/2022,Monday
20220314,3/15/2022 3:25,4530,3:25,3/15/2022,Tuesday
20220315,3/16/2022 1:38,4530,1:38,3/16/2022,Wednesday
20220316,3/17/2022 3:54,4530,3:54,3/17/2022,Thursday
20220317,3/18/2022 1:55,4530,1:55,3/18/2022,Friday
20220318,3/19/2022 2:27,4529,2:27,3/19/2022,Saturday
20220318,3/19/2022 7:15,2264,7:15,3/19/2022,Saturday
20220319,3/20/2022 4:03,4530,4:03,3/20/2022,Sunday
20220320,3/21/2022 1:47,4530,1:47,3/21/2022,Monday
20220321,3/22/2022 5:00,4532,5:00,3/22/2022,Tuesday
20220322,3/23/2022 2:36,4532,2:36,3/23/2022,Wednesday
20220323,3/24/2022 3:40,4532,3:40,3/24/2022,Thursday
20220324,3/25/2022 2:39,4532,2:39,3/25/2022,Friday
20220325,3/26/2022 2:52,4533,2:52,3/26/2022,Saturday
20220325,3/26/2022 7:09,2266,7:09,3/26/2022,Saturday
20220326,3/27/2022 3:12,4534,3:12,3/27/2022,Sunday
20220327,3/28/2022 1:32,4534,1:32,3/28/2022,Monday
20220328,3/29/2022 1:45,4538,1:45,3/29/2022,Tuesday
20220329,3/30/2022 3:21,4538,3:21,3/30/2022,Wednesday
20220330,3/31/2022 3:34,4540,3:34,3/31/2022,Thursday
20220331,4/1/2022 13:30,4494,13:30,4/1/2022,Friday
20220331,4/1/2022 17:10,4493,17:10,4/1/2022,Friday
20220331,4/1/2022 12:49,9030,12:49,4/1/2022,Friday
20220401,4/2/2022 8:32,4539,8:32,4/2/2022,Saturday
20220401,4/2/2022 8:46,2269,8:46,4/2/2022,Saturday
20220402,4/3/2022 5:00,4540,5:00,4/3/2022,Sunday
20220403,4/4/2022 2:41,4540,2:41,4/4/2022,Monday
20220404,4/5/2022 4:25,4540,4:25,4/5/2022,Tuesday
20220405,4/6/2022 3:17,4540,3:17,4/6/2022,Wednesday
20220406,4/7/2022 3:54,4540,3:54,4/7/2022,Thursday
20220407,4/8/2022 3:00,4540,3:00,4/8/2022,Friday
20220408,4/9/2022 3:32,4539,3:32,4/9/2022,Saturday
20220408,4/9/2022 6:23,2269,6:23,4/9/2022,Saturday
20220409,4/10/2022 4:02,4540,4:02,4/10/2022,Sunday
20220410,4/11/2022 2:33,4540,2:33,4/11/2022,Monday
20220411,4/12/2022 2:55,4542,2:55,4/12/2022,Tuesday
20220412,4/13/2022 2:10,4542,2:10,4/13/2022,Wednesday
20220413,4/14/2022 2:29,4542,2:29,4/14/2022,Thursday
20220414,4/15/2022 1:31,4542,1:31,4/15/2022,Friday
20220415,4/16/2022 1:39,4541,1:39,4/16/2022,Saturday
20220416,4/17/2022 7:14,4542,7:14,4/17/2022,Sunday
20220417,4/18/2022 1:45,4542,1:45,4/18/2022,Monday
20220418,4/19/2022 2:23,4542,2:23,4/19/2022,Tuesday
20220419,4/20/2022 5:43,4544,5:43,4/20/2022,Wednesday
20220420,4/21/2022 3:55,4544,3:55,4/21/2022,Thursday
20220421,4/22/2022 3:28,4544,3:28,4/22/2022,Friday
20220422,4/23/2022 4:27,4543,4:27,4/23/2022,Saturday
20220423,4/24/2022 3:22,4544,3:22,4/24/2022,Sunday
20220424,4/25/2022 1:36,4544,1:36,4/25/2022,Monday
20220425,4/26/2022 2:27,4544,2:27,4/26/2022,Tuesday
20220426,4/27/2022 1:00,4544,1:00,4/27/2022,Wednesday
20220427,4/28/2022 4:25,4544,4:25,4/28/2022,Thursday
20220428,4/29/2022 1:39,4544,1:39,4/29/2022,Friday
20220429,4/30/2022 2:57,4543,2:57,4/30/2022,Saturday
20220429,4/30/2022 7:03,2271,7:03,4/30/2022,Saturday
20220430,5/1/2022 9:51,4546,9:51,5/1/2022,Sunday
20220430,5/1/2022 10:14,2227,10:14,5/1/2022,Sunday
20220501,5/2/2022 2:10,4546,2:10,5/2/2022,Monday
20220502,5/3/2022 2:57,4546,2:57,5/3/2022,Tuesday
20220503,5/4/2022 3:33,4546,3:33,5/4/2022,Wednesday
20220504,5/5/2022 3:05,4546,3:05,5/5/2022,Thursday
20220505,5/6/2022 3:19,4546,3:19,5/6/2022,Friday
20220506,5/7/2022 4:38,4545,4:38,5/7/2022,Saturday
20220506,5/7/2022 7:42,6817,7:42,5/7/2022,Saturday
20220506,5/7/2022 7:44,2272,7:44,5/7/2022,Saturday
20220507,5/8/2022 8:42,4546,8:42,5/8/2022,Sunday
20220508,5/9/2022 1:20,4546,1:20,5/9/2022,Monday
20220509,5/10/2022 2:32,4546,2:32,5/10/2022,Tuesday
20220510,5/11/2022 2:57,4546,2:57,5/11/2022,Wednesday
20220511,5/12/2022 2:48,4546,2:48,5/12/2022,Thursday
20220512,5/13/2022 3:15,4546,3:15,5/13/2022,Friday
20220513,5/14/2022 8:12,4503,8:12,5/14/2022,Saturday
20220513,5/14/2022 9:27,2317,9:27,5/14/2022,Saturday
20220514,5/15/2022 6:30,4548,6:30,5/15/2022,Sunday
20220515,5/16/2022 3:03,4548,3:03,5/16/2022,Monday
20220516,5/17/2022 3:31,4548,3:31,5/17/2022,Tuesday
20220517,5/18/2022 2:32,4548,2:32,5/18/2022,Wednesday
20220518,5/19/2022 2:21,4548,2:21,5/19/2022,Thursday
20220519,5/20/2022 4:30,4548,4:30,5/20/2022,Friday
20220520,5/21/2022 3:02,4547,3:02,5/21/2022,Saturday
20220520,5/21/2022 9:33,2273,9:33,5/21/2022,Saturday
20220521,5/22/2022 5:06,4548,5:06,5/22/2022,Sunday
20220522,5/23/2022 1:34,4548,1:34,5/23/2022,Monday
20220523,5/24/2022 2:11,4548,2:11,5/24/2022,Tuesday
20220524,5/25/2022 5:53,4548,5:53,5/25/2022,Wednesday
20220525,5/26/2022 3:17,4548,3:17,5/26/2022,Thursday
20220526,5/27/2022 15:36,42,15:36,5/27/2022,Friday
20220526,5/27/2022 2:18,4548,2:18,5/27/2022,Friday
20220526,5/27/2022 10:58,4548,10:58,5/27/2022,Friday
20220527,5/28/2022 10:30,1,10:30,5/28/2022,Saturday
20220527,5/28/2022 7:28,6823,7:28,5/28/2022,Saturday
20220527,5/28/2022 3:53,4550,3:53,5/28/2022,Saturday
20220528,5/29/2022 2:09,4550,2:09,5/29/2022,Sunday
20220529,5/30/2022 1:31,4550,1:31,5/30/2022,Monday
20220530,5/31/2022 2:09,4550,2:09,5/31/2022,Tuesday
20220531,6/1/2022 7:56,4550,7:56,6/1/2022,Wednesday
20220531,6/1/2022 8:03,6779,8:03,6/1/2022,Wednesday
20220601,6/2/2022 2:58,4550,2:58,6/2/2022,Thursday
20220602,6/3/2022 3:43,4550,3:43,6/3/2022,Friday
20220603,6/4/2022 4:12,4551,4:12,6/4/2022,Saturday
20220603,6/4/2022 8:47,6826,8:47,6/4/2022,Saturday
20220604,6/5/2022 7:09,4554,7:09,6/5/2022,Sunday
20220605,6/6/2022 2:51,4554,2:51,6/6/2022,Monday
20220606,6/7/2022 2:23,4554,2:23,6/7/2022,Tuesday
20220607,6/8/2022 2:33,4554,2:33,6/8/2022,Wednesday
20220608,6/9/2022 3:54,4558,3:54,6/9/2022,Thursday
20220609,6/10/2022 2:43,4558,2:43,6/10/2022,Friday
20220610,6/11/2022 8:50,4557,8:50,6/11/2022,Saturday
20220610,6/11/2022 9:56,6835,9:56,6/11/2022,Saturday
20220611,6/12/2022 4:01,4560,4:01,6/12/2022,Sunday
20220612,6/13/2022 3:53,4560,3:53,6/13/2022,Monday
20220613,6/14/2022 4:30,4560,4:30,6/14/2022,Tuesday
20220614,6/15/2022 3:10,4562,3:10,6/15/2022,Wednesday
20220615,6/16/2022 2:25,4568,2:25,6/16/2022,Thursday
20220616,6/17/2022 2:28,4568,2:28,6/17/2022,Friday
20220617,6/18/2022 4:08,4571,4:08,6/18/2022,Saturday
20220617,6/18/2022 7:04,6856,7:04,6/18/2022,Saturday
20220618,6/19/2022 2:50,4572,2:50,6/19/2022,Sunday
20220619,6/20/2022 1:33,4572,1:33,6/20/2022,Monday
20220620,6/21/2022 2:07,4580,2:07,6/21/2022,Tuesday
20220621,6/22/2022 2:19,4582,2:19,6/22/2022,Wednesday
20220622,6/23/2022 2:58,4582,2:58,6/23/2022,Thursday
20220623,6/24/2022 2:09,4582,2:09,6/24/2022,Friday
20220624,6/25/2022 4:09,4583,4:09,6/25/2022,Saturday
20220624,6/25/2022 7:24,2291,7:24,6/25/2022,Saturday
20220625,6/26/2022 2:31,4584,2:31,6/26/2022,Sunday
20220626,6/27/2022 2:06,4584,2:06,6/27/2022,Monday
20220627,6/28/2022 2:56,4584,2:56,6/28/2022,Tuesday
20220628,6/29/2022 4:20,4586,4:20,6/29/2022,Wednesday
20220629,6/30/2022 4:30,4586,4:30,6/30/2022,Thursday
20220630,7/1/2022 10:15,4584,10:15,7/1/2022,Friday
20220701,7/2/2022 6:32,4593,6:32,7/2/2022,Saturday
20220702,7/3/2022 3:58,4594,3:58,7/3/2022,Sunday
20220703,7/4/2022 2:37,4594,2:37,7/4/2022,Monday
20220704,7/5/2022 4:49,4598,4:49,7/5/2022,Tuesday
20220705,7/6/2022 3:48,4598,3:48,7/6/2022,Wednesday
20220706,7/7/2022 4:45,4598,4:45,7/7/2022,Thursday
20220707,7/8/2022 2:42,4598,2:42,7/8/2022,Friday
20220708,7/9/2022 3:32,4598,3:32,7/9/2022,Saturday
20220708,7/9/2022 6:17,2298,6:17,7/9/2022,Saturday
20220709,7/10/2022 3:30,4598,3:30,7/10/2022,Sunday
20220709,7/10/2022 8:40,2037,8:40,7/10/2022,Sunday
20220710,7/11/2022 2:26,4598,2:26,7/11/2022,Monday
20220711,7/12/2022 5:56,4598,5:56,7/12/2022,Tuesday
20220712,7/13/2022 8:09,4598,8:09,7/13/2022,Wednesday
20220713,7/14/2022 3:00,4600,3:00,7/14/2022,Thursday
20220714,7/15/2022 4:21,4600,4:21,7/15/2022,Friday
20220715,7/16/2022 3:26,4599,3:26,7/16/2022,Saturday
20220716,7/17/2022 3:57,4600,3:57,7/17/2022,Sunday
20220717,7/18/2022 2:48,4600,2:48,7/18/2022,Monday
20220718,7/19/2022 3:48,4600,3:48,7/19/2022,Tuesday
20220719,7/20/2022 2:58,4600,2:58,7/20/2022,Wednesday
20220720,7/21/2022 2:36,4604,2:36,7/21/2022,Thursday
20220721,7/22/2022 3:37,4604,3:37,7/22/2022,Friday
20220722,7/23/2022 4:47,4605,4:47,7/23/2022,Saturday
20220722,7/23/2022 7:08,2302,7:08,7/23/2022,Saturday
20220722,7/23/2022 9:14,142,9:14,7/23/2022,Saturday
20220722,7/23/2022 9:15,4564,9:15,7/23/2022,Saturday
20220723,7/24/2022 2:33,4606,2:33,7/24/2022,Sunday
20220724,7/25/2022 3:39,4606,3:39,7/25/2022,Monday
20220725,7/26/2022 4:57,4606,4:57,7/26/2022,Tuesday
20220726,7/27/2022 3:03,4606,3:03,7/27/2022,Wednesday
20220727,7/28/2022 3:51,4612,3:51,7/28/2022,Thursday
20220728,7/29/2022 2:16,4612,2:16,7/29/2022,Friday
20220729,7/30/2022 4:07,4613,4:07,7/30/2022,Saturday
20220730,7/31/2022 2:59,4614,2:59,7/31/2022,Sunday
20220731,8/1/2022 5:45,4614,5:45,8/1/2022,Monday
20220731,8/1/2022 8:31,6873,8:31,8/1/2022,Monday
20220801,8/2/2022 3:17,4614,3:17,8/2/2022,Tuesday
20220802,8/3/2022 6:34,4614,6:34,8/3/2022,Wednesday
20220803,8/4/2022 2:01,4614,2:01,8/4/2022,Thursday
20220804,8/5/2022 2:20,4614,2:20,8/5/2022,Friday
20220805,8/6/2022 5:55,6918,5:55,8/6/2022,Saturday
20220805,8/6/2022 8:55,6918,8:55,8/6/2022,Saturday
20220807,8/8/2022 13:29,4614,13:29,8/8/2022,Monday
20220807,8/8/2022 9:35,4614,9:35,8/8/2022,Monday
20220808,8/9/2022 3:19,4618,3:19,8/9/2022,Tuesday
20220809,8/10/2022 3:58,4618,3:58,8/10/2022,Wednesday
20220810,8/11/2022 3:26,4620,3:26,8/11/2022,Thursday
20220811,8/12/2022 5:11,4620,5:11,8/12/2022,Friday
20220812,8/13/2022 4:25,4621,4:25,8/13/2022,Saturday
20220813,8/14/2022 2:56,4622,2:56,8/14/2022,Sunday
20220814,8/15/2022 2:18,4622,2:18,8/15/2022,Monday
20220815,8/16/2022 3:08,4622,3:08,8/16/2022,Tuesday
20220816,8/17/2022 3:03,4622,3:03,8/17/2022,Wednesday
20220817,8/18/2022 4:09,4622,4:09,8/18/2022,Thursday
20220818,8/19/2022 7:55,4630,7:55,8/19/2022,Friday
20220819,8/20/2022 4:00,4629,4:00,8/20/2022,Saturday
20220819,8/20/2022 7:36,6943,7:36,8/20/2022,Saturday
20220820,8/21/2022 3:00,4630,3:00,8/21/2022,Sunday
20220821,8/22/2022 6:43,4630,6:43,8/22/2022,Monday
20220822,8/23/2022 1:51,4630,1:51,8/23/2022,Tuesday
20220823,8/24/2022 1:59,4630,1:59,8/24/2022,Wednesday
20220824,8/25/2022 2:54,4634,2:54,8/25/2022,Thursday
20220825,8/26/2022 5:23,4640,5:23,8/26/2022,Friday
20220826,8/27/2022 7:30,4639,7:30,8/27/2022,Saturday
20220826,8/27/2022 7:39,6958,7:39,8/27/2022,Saturday
20220827,8/28/2022 4:25,4640,4:25,8/28/2022,Sunday
20220828,8/29/2022 1:20,4640,1:20,8/29/2022,Monday
20220829,8/30/2022 2:46,4640,2:46,8/30/2022,Tuesday
20220830,8/31/2022 2:56,4640,2:56,8/31/2022,Wednesday
20220831,9/1/2022 6:34,4640,6:34,9/1/2022,Thursday
20220831,9/1/2022 9:04,6912,9:04,9/1/2022,Thursday
20220901,9/2/2022 3:10,4640,3:10,9/2/2022,Friday
20220902,9/3/2022 4:23,4641,4:23,9/3/2022,Saturday
20220902,9/3/2022 7:15,6961,7:15,9/3/2022,Saturday
20220903,9/4/2022 5:21,4642,5:21,9/4/2022,Sunday
20220904,9/5/2022 1:51,4642,1:51,9/5/2022,Monday
20220905,9/6/2022 5:13,4644,5:13,9/6/2022,Tuesday
20220906,9/7/2022 5:03,4644,5:03,9/7/2022,Wednesday
20220907,9/8/2022 3:42,4644,3:42,9/8/2022,Thursday
20220908,9/9/2022 4:27,4646,4:27,9/9/2022,Friday
20220909,9/10/2022 6:16,4645,6:16,9/10/2022,Saturday
20220909,9/10/2022 6:55,6967,6:55,9/10/2022,Saturday
20220910,9/11/2022 7:17,4646,7:17,9/11/2022,Sunday
20220911,9/12/2022 1:26,4646,1:26,9/12/2022,Monday
20220912,9/13/2022 2:08,4650,2:08,9/13/2022,Tuesday
20220913,9/14/2022 3:04,4650,3:04,9/14/2022,Wednesday
20220914,9/15/2022 3:25,4652,3:25,9/15/2022,Thursday
20220915,9/16/2022 3:41,4656,3:41,9/16/2022,Friday
20220916,9/17/2022 3:44,4655,3:44,9/17/2022,Saturday
20220916,9/17/2022 7:01,6982,7:01,9/17/2022,Saturday
20220917,9/18/2022 6:22,4658,6:22,9/18/2022,Sunday
20220918,9/19/2022 1:18,4658,1:18,9/19/2022,Monday
20220919,9/20/2022 2:52,4658,2:52,9/20/2022,Tuesday
20220920,9/21/2022 9:44,4658,9:44,9/21/2022,Wednesday
20220921,9/22/2022 1:53,4660,1:53,9/22/2022,Thursday
20220922,9/23/2022 2:24,4660,2:24,9/23/2022,Friday
20220923,9/24/2022 5:26,4661,5:26,9/24/2022,Saturday
20220924,9/25/2022 4:12,4662,4:12,9/25/2022,Sunday
20220925,9/26/2022 7:50,4662,7:50,9/26/2022,Monday
20220926,9/27/2022 4:55,4662,4:55,9/27/2022,Tuesday
20220927,9/28/2022 3:16,4668,3:16,9/28/2022,Wednesday
20220928,9/29/2022 3:12,4668,3:12,9/29/2022,Thursday
20220929,9/30/2022 4:25,4668,4:25,9/30/2022,Friday
20220930,10/1/2022 11:34,4666,11:34,10/1/2022,Saturday
20220930,10/1/2022 13:36,4618,13:36,10/1/2022,Saturday
20221001,10/2/2022 6:17,4668,6:17,10/2/2022,Sunday
20221002,10/3/2022 3:36,4668,3:36,10/3/2022,Monday
20221003,10/4/2022 3:44,4668,3:44,10/4/2022,Tuesday
20221004,10/5/2022 2:44,4668,2:44,10/5/2022,Wednesday
20221005,10/6/2022 1:49,4668,1:49,10/6/2022,Thursday
20221006,10/7/2022 2:59,4668,2:59,10/7/2022,Friday
20221007,10/8/2022 5:46,4669,5:46,10/8/2022,Saturday
20221007,10/8/2022 7:22,7003,7:22,10/8/2022,Saturday
20221008,10/9/2022 3:35,4670,3:35,10/9/2022,Sunday
20221009,10/10/2022 2:55,4670,2:55,10/10/2022,Monday
20221010,10/11/2022 4:58,4670,4:58,10/11/2022,Tuesday
20221011,10/12/2022 2:59,4670,2:59,10/12/2022,Wednesday
20221012,10/13/2022 2:47,4670,2:47,10/13/2022,Thursday
20221013,10/14/2022 3:46,4678,3:46,10/14/2022,Friday
20221014,10/15/2022 4:18,4677,4:18,10/15/2022,Saturday
20221014,10/15/2022 6:58,7015,6:58,10/15/2022,Saturday
20221015,10/16/2022 3:31,4678,3:31,10/16/2022,Sunday
20221016,10/17/2022 2:59,4678,2:59,10/17/2022,Monday
20221017,10/18/2022 4:50,4678,4:50,10/18/2022,Tuesday
20221018,10/19/2022 3:13,4678,3:13,10/19/2022,Wednesday
20221019,10/20/2022 3:31,4678,3:31,10/20/2022,Thursday
20221020,10/21/2022 3:59,4680,3:59,10/21/2022,Friday
20221021,10/22/2022 4:17,4633,4:17,10/22/2022,Saturday
20221021,10/22/2022 7:42,7018,7:42,10/22/2022,Saturday
20221022,10/23/2022 2:22,4680,2:22,10/23/2022,Sunday
20221023,10/24/2022 2:39,4680,2:39,10/24/2022,Monday
20221024,10/25/2022 3:04,4680,3:04,10/25/2022,Tuesday
20221025,10/26/2022 3:08,4680,3:08,10/26/2022,Wednesday
20221026,10/27/2022 3:08,4680,3:08,10/27/2022,Thursday
20221027,10/28/2022 4:02,4680,4:02,10/28/2022,Friday
20221028,10/29/2022 3:43,4679,3:43,10/29/2022,Saturday
20221028,10/29/2022 7:21,7018,7:21,10/29/2022,Saturday
20221029,10/30/2022 3:19,4680,3:19,10/30/2022,Sunday
20221030,10/31/2022 1:53,4680,1:53,10/31/2022,Monday
20221031,11/1/2022 6:04,6972,6:04,11/1/2022,Tuesday
20221031,11/1/2022 7:48,6972,7:48,11/1/2022,Tuesday
20221101,11/2/2022 5:24,4680,5:24,11/2/2022,Wednesday
20221102,11/3/2022 3:10,4680,3:10,11/3/2022,Thursday
20221103,11/4/2022 2:25,4680,2:25,11/4/2022,Friday
20221104,11/5/2022 3:29,4681,3:29,11/5/2022,Saturday
20221104,11/5/2022 7:13,7021,7:13,11/5/2022,Saturday
20221105,11/6/2022 2:54,4684,2:54,11/6/2022,Sunday
20221106,11/7/2022 1:42,4684,1:42,11/7/2022,Monday
20221107,11/8/2022 3:38,4686,3:38,11/8/2022,Tuesday
20221108,11/9/2022 2:22,4686,2:22,11/9/2022,Wednesday
20221109,11/10/2022 2:12,4688,2:12,11/10/2022,Thursday
20221110,11/11/2022 2:23,4688,2:23,11/11/2022,Friday
20221111,11/12/2022 7:21,4687,7:21,11/12/2022,Saturday
20221111,11/12/2022 7:55,7030,7:55,11/12/2022,Saturday
20221112,11/13/2022 2:30,4688,2:30,11/13/2022,Sunday
20221113,11/14/2022 2:15,4688,2:15,11/14/2022,Monday
20221114,11/15/2022 3:48,4688,3:48,11/15/2022,Tuesday
20221115,11/16/2022 2:26,4688,2:26,11/16/2022,Wednesday
20221116,11/17/2022 3:10,4688,3:10,11/17/2022,Thursday
20221117,11/18/2022 2:50,4688,2:50,11/18/2022,Friday
20221118,11/19/2022 3:42,4687,3:42,11/19/2022,Saturday
20221118,11/19/2022 8:06,7030,8:06,11/19/2022,Saturday
20221119,11/20/2022 3:59,4690,3:59,11/20/2022,Sunday
20221120,11/21/2022 2:47,4690,2:47,11/21/2022,Monday
20221121,11/22/2022 3:19,4690,3:19,11/22/2022,Tuesday
20221122,11/23/2022 2:22,4692,2:22,11/23/2022,Wednesday
20221123,11/24/2022 2:49,4692,2:49,11/24/2022,Thursday
20221124,11/25/2022 1:29,4692,1:29,11/25/2022,Friday
20221125,11/26/2022 2:47,4695,2:47,11/26/2022,Saturday
20221125,11/26/2022 6:25,2347,6:25,11/26/2022,Saturday
20221126,11/27/2022 1:47,4696,1:47,11/27/2022,Sunday
20221127,11/28/2022 1:19,4696,1:19,11/28/2022,Monday
20221128,11/29/2022 2:33,4696,2:33,11/29/2022,Tuesday
20221129,11/30/2022 3:04,4698,3:04,11/30/2022,Wednesday
20221130,12/1/2022 8:39,4698,8:39,12/1/2022,Thursday
20221130,12/1/2022 8:46,6999,8:46,12/1/2022,Thursday
20221201,12/2/2022 3:02,4704,3:02,12/2/2022,Friday
20221202,12/3/2022 4:10,4703,4:10,12/3/2022,Saturday
20221202,12/3/2022 7:04,7054,7:04,12/3/2022,Saturday
20221203,12/4/2022 3:34,4708,3:34,12/4/2022,Sunday
20221204,12/5/2022 3:31,4708,3:31,12/5/2022,Monday
20221205,12/6/2022 4:21,4708,4:21,12/6/2022,Tuesday
20221206,12/7/2022 3:25,4714,3:25,12/7/2022,Wednesday
20221207,12/8/2022 3:59,4716,3:59,12/8/2022,Thursday
20221208,12/9/2022 3:57,4716,3:57,12/9/2022,Friday
20221209,12/10/2022 4:21,4717,4:21,12/10/2022,Saturday
20221209,12/10/2022 6:49,7075,6:49,12/10/2022,Saturday
20221210,12/11/2022 5:11,4718,5:11,12/11/2022,Sunday
20221211,12/12/2022 2:25,4718,2:25,12/12/2022,Monday
20221212,12/13/2022 3:19,4718,3:19,12/13/2022,Tuesday
20221213,12/14/2022 2:22,4726,2:22,12/14/2022,Wednesday
20221214,12/15/2022 2:39,4726,2:39,12/15/2022,Thursday
20221215,12/16/2022 2:53,4726,2:53,12/16/2022,Friday
20221216,12/17/2022 3:58,4725,3:58,12/17/2022,Saturday
20221216,12/17/2022 9:08,7087,9:08,12/17/2022,Saturday
20221217,12/18/2022 3:05,4726,3:05,12/18/2022,Sunday
20221218,12/19/2022 1:54,4726,1:54,12/19/2022,Monday
20221219,12/20/2022 2:50,4728,2:50,12/20/2022,Tuesday
20221220,12/21/2022 3:02,4728,3:02,12/21/2022,Wednesday
20221221,12/22/2022 2:27,4728,2:27,12/22/2022,Thursday
20221222,12/23/2022 3:27,4730,3:27,12/23/2022,Friday
20221223,12/24/2022 4:38,4747,4:38,12/24/2022,Saturday
20221223,12/24/2022 7:55,7120,7:55,12/24/2022,Saturday
20221224,12/25/2022 3:10,4748,3:10,12/25/2022,Sunday
20221225,12/26/2022 1:52,4748,1:52,12/26/2022,Monday
20221226,12/27/2022 4:26,4774,4:26,12/27/2022,Tuesday
20221227,12/28/2022 3:34,4782,3:34,12/28/2022,Wednesday
20221228,12/29/2022 2:44,4790,2:44,12/29/2022,Thursday
20221229,12/30/2022 3:00,4796,3:00,12/30/2022,Friday
20221230,12/31/2022 4:30,7193,4:30,12/31/2022,Saturday
20221230,12/31/2022 8:27,7192,8:27,12/31/2022,Saturday
20221231,1/1/2023 10:48,4794,10:48,1/1/2023,Sunday
20221231,1/1/2023 11:07,9540,11:07,1/1/2023,Sunday
20230101,1/2/2023 2:17,4796,2:17,1/2/2023,Monday
20230102,1/3/2023 3:31,4796,3:31,1/3/2023,Tuesday
20230103,1/4/2023 1:41,4796,1:41,1/4/2023,Wednesday
20230104,1/5/2023 2:41,4796,2:41,1/5/2023,Thursday
20230105,1/6/2023 2:19,4796,2:19,1/6/2023,Friday
20230106,1/7/2023 4:02,4796,4:02,1/7/2023,Saturday
20230106,1/7/2023 7:47,7192,7:47,1/7/2023,Saturday
20230107,1/8/2023 3:16,4796,3:16,1/8/2023,Sunday
20230108,1/9/2023 1:54,4796,1:54,1/9/2023,Monday
20230109,1/10/2023 2:17,4796,2:17,1/10/2023,Tuesday
20230110,1/11/2023 2:53,4796,2:53,1/11/2023,Wednesday
20230111,1/12/2023 2:11,4796,2:11,1/12/2023,Thursday
20230112,1/13/2023 2:55,4796,2:55,1/13/2023,Friday
20230113,1/14/2023 5:06,4795,5:06,1/14/2023,Saturday
20230113,1/14/2023 8:01,7192,8:01,1/14/2023,Saturday
20230114,1/15/2023 2:00,4796,2:00,1/15/2023,Sunday
20230115,1/16/2023 1:40,4796,1:40,1/16/2023,Monday
20230116,1/17/2023 2:42,4796,2:42,1/17/2023,Tuesday
20230117,1/18/2023 2:21,4796,2:21,1/18/2023,Wednesday
20230118,1/19/2023 3:45,4796,3:45,1/19/2023,Thursday
20230119,1/20/2023 4:41,4796,4:41,1/20/2023,Friday
20230120,1/21/2023 4:17,4795,4:17,1/21/2023,Saturday
20230120,1/21/2023 7:08,2397,7:08,1/21/2023,Saturday
20230121,1/22/2023 3:25,4796,3:25,1/22/2023,Sunday
20230122,1/23/2023 10:23,4796,10:23,1/23/2023,Monday
20230123,1/24/2023 3:48,4796,3:48,1/24/2023,Tuesday
20230124,1/25/2023 2:54,4796,2:54,1/25/2023,Wednesday
20230125,1/26/2023 9:21,4798,9:21,1/26/2023,Thursday
20230126,1/27/2023 2:13,4798,2:13,1/27/2023,Friday
20230127,1/28/2023 3:07,4797,3:07,1/28/2023,Saturday
20230127,1/28/2023 7:54,7195,7:54,1/28/2023,Saturday
20230128,1/29/2023 3:15,4798,3:15,1/29/2023,Sunday
20230129,1/30/2023 3:09,4798,3:09,1/30/2023,Monday
20230130,1/31/2023 4:02,4798,4:02,1/31/2023,Tuesday
20230131,2/1/2023 8:04,7149,8:04,2/1/2023,Wednesday
20230131,2/1/2023 8:07,7149,8:07,2/1/2023,Wednesday
20230201,2/2/2023 3:40,4798,3:40,2/2/2023,Thursday
20230202,2/3/2023 3:34,4798,3:34,2/3/2023,Friday
20230203,2/4/2023 5:30,4799,5:30,2/4/2023,Saturday
20230203,2/4/2023 7:17,7198,7:17,2/4/2023,Saturday
20230204,2/5/2023 4:37,4802,4:37,2/5/2023,Sunday
20230205,2/6/2023 4:14,4802,4:14,2/6/2023,Monday
20230206,2/7/2023 7:54,4454,7:54,2/7/2023,Tuesday
20230206,2/7/2023 4:05,4802,4:05,2/7/2023,Tuesday
20230207,2/8/2023 2:38,4802,2:38,2/8/2023,Wednesday
20230208,2/9/2023 3:56,4802,3:56,2/9/2023,Thursday
20230209,2/10/2023 2:24,4802,2:24,2/10/2023,Friday
20230210,2/11/2023 4:53,4801,4:53,2/11/2023,Saturday
20230210,2/11/2023 6:59,7201,6:59,2/11/2023,Saturday
20230211,2/12/2023 1:54,4802,1:54,2/12/2023,Sunday
20230212,2/13/2023 1:38,4802,1:38,2/13/2023,Monday
20230213,2/14/2023 4:54,4802,4:54,2/14/2023,Tuesday
20230214,2/15/2023 2:49,4802,2:49,2/15/2023,Wednesday
20230215,2/16/2023 2:35,4804,2:35,2/16/2023,Thursday
20230216,2/17/2023 3:05,4804,3:05,2/17/2023,Friday
20230217,2/18/2023 4:32,4805,4:32,2/18/2023,Saturday
20230217,2/18/2023 7:02,7207,7:02,2/18/2023,Saturday
20230218,2/19/2023 4:04,4806,4:04,2/19/2023,Sunday
20230219,2/20/2023 15:27,4806,15:27,2/20/2023,Monday
20230219,2/20/2023 2:03,4806,2:03,2/20/2023,Monday
20230220,2/21/2023 4:04,4806,4:04,2/21/2023,Tuesday
20230221,2/22/2023 3:07,4806,3:07,2/22/2023,Wednesday
20230222,2/23/2023 3:44,4808,3:44,2/23/2023,Thursday
20230223,2/24/2023 3:56,4812,3:56,2/24/2023,Friday
20230224,2/25/2023 4:00,4811,4:00,2/25/2023,Saturday
20230224,2/25/2023 7:08,2405,7:08,2/25/2023,Saturday
20230225,2/26/2023 4:50,4812,4:50,2/26/2023,Sunday
20230226,2/27/2023 2:10,4812,2:10,2/27/2023,Monday
20230227,2/28/2023 2:47,4812,2:47,2/28/2023,Tuesday
20230228,3/1/2023 8:05,4812,8:05,3/1/2023,Wednesday
20230228,3/1/2023 8:10,7170,8:10,3/1/2023,Wednesday
20230301,3/2/2023 5:29,4812,5:29,3/2/2023,Thursday
20230302,3/3/2023 4:15,4812,4:15,3/3/2023,Friday
20230303,3/4/2023 5:03,4811,5:03,3/4/2023,Saturday
20230303,3/4/2023 5:16,7216,5:16,3/4/2023,Saturday
20230304,3/5/2023 3:55,4814,3:55,3/5/2023,Sunday
20230305,3/6/2023 4:52,4814,4:52,3/6/2023,Monday
20230306,3/7/2023 3:06,4814,3:06,3/7/2023,Tuesday
20230307,3/8/2023 3:19,4814,3:19,3/8/2023,Wednesday
20230308,3/9/2023 2:55,4818,2:55,3/9/2023,Thursday
20230309,3/10/2023 3:28,4818,3:28,3/10/2023,Friday
20230310,3/11/2023 3:26,4817,3:26,3/11/2023,Saturday
20230310,3/11/2023 5:55,7225,5:55,3/11/2023,Saturday
20230311,3/12/2023 7:32,4818,7:32,3/12/2023,Sunday
20230311,3/12/2023 7:51,7226,7:51,3/12/2023,Sunday
20230312,3/13/2023 2:41,4818,2:41,3/13/2023,Monday
20230313,3/14/2023 4:36,4818,4:36,3/14/2023,Tuesday
20230314,3/15/2023 4:22,4818,4:22,3/15/2023,Wednesday
20230315,3/16/2023 4:09,4818,4:09,3/16/2023,Thursday
20230316,3/17/2023 3:29,4820,3:29,3/17/2023,Friday
20230317,3/18/2023 4:53,4829,4:53,3/18/2023,Saturday
20230317,3/18/2023 5:35,2414,5:35,3/18/2023,Saturday
20230318,3/19/2023 4:27,4834,4:27,3/19/2023,Sunday
20230319,3/20/2023 1:53,4834,1:53,3/20/2023,Monday
20230320,3/21/2023 3:02,4834,3:02,3/21/2023,Tuesday
20230321,3/22/2023 2:41,4838,2:41,3/22/2023,Wednesday
20230322,3/23/2023 1:56,4838,1:56,3/23/2023,Thursday
20230323,3/24/2023 3:20,4844,3:20,3/24/2023,Friday
20230324,3/25/2023 5:21,4895,5:21,3/25/2023,Saturday
20230324,3/25/2023 6:20,7342,6:20,3/25/2023,Saturday
20230325,3/26/2023 4:19,4896,4:19,3/26/2023,Sunday
20230326,3/27/2023 3:17,4896,3:17,3/27/2023,Monday
20230327,3/28/2023 3:20,4896,3:20,3/28/2023,Tuesday
20230328,3/29/2023 3:51,4910,3:51,3/29/2023,Wednesday
20230329,3/30/2023 3:12,4938,3:12,3/30/2023,Thursday
20230330,3/31/2023 3:02,4948,3:02,3/31/2023,Friday
20230331,4/1/2023 16:13,4946,16:13,4/1/2023,Saturday
20230331,4/2/2023 1:03,4899,1:03,4/2/2023,Sunday
20230331,4/1/2023 16:20,9844,16:20,4/1/2023,Saturday
20230401,4/2/2023 7:05,4948,7:05,4/2/2023,Sunday
20230402,4/3/2023 2:49,4948,2:49,4/3/2023,Monday
20230403,4/4/2023 4:29,4948,4:29,4/4/2023,Tuesday
20230404,4/5/2023 3:13,4948,3:13,4/5/2023,Wednesday
20230405,4/6/2023 4:50,4948,4:50,4/6/2023,Thursday
20230406,4/7/2023 4:11,4948,4:11,4/7/2023,Friday
20230407,4/8/2023 7:09,4947,7:09,4/8/2023,Saturday
20230407,4/8/2023 7:21,7420,7:21,4/8/2023,Saturday
20230408,4/9/2023 3:31,4948,3:31,4/9/2023,Sunday
20230409,4/10/2023 4:30,4948,4:30,4/10/2023,Monday
20230410,4/11/2023 3:18,4948,3:18,4/11/2023,Tuesday
20230411,4/12/2023 3:18,4948,3:18,4/12/2023,Wednesday
20230412,4/13/2023 3:15,4948,3:15,4/13/2023,Thursday
20230413,4/14/2023 3:35,4948,3:35,4/14/2023,Friday
20230414,4/15/2023 4:01,4947,4:01,4/15/2023,Saturday
20230414,4/15/2023 7:03,7420,7:03,4/15/2023,Saturday
20230415,4/16/2023 6:34,4948,6:34,4/16/2023,Sunday
20230416,4/17/2023 3:03,4948,3:03,4/17/2023,Monday
20230417,4/18/2023 3:57,4948,3:57,4/18/2023,Tuesday
20230418,4/19/2023 3:31,4948,3:31,4/19/2023,Wednesday
20230419,4/20/2023 4:28,4948,4:28,4/20/2023,Thursday
20230420,4/21/2023 2:52,4948,2:52,4/21/2023,Friday
20230421,4/22/2023 2:42,4947,2:42,4/22/2023,Saturday
20230421,4/22/2023 6:33,7420,6:33,4/22/2023,Saturday
20230422,4/23/2023 3:07,4948,3:07,4/23/2023,Sunday
20230423,4/24/2023 3:40,4948,3:40,4/24/2023,Monday
20230424,4/25/2023 8:34,4948,8:34,4/25/2023,Tuesday
20230425,4/26/2023 3:34,4948,3:34,4/26/2023,Wednesday
20230426,4/27/2023 11:33,4948,11:33,4/27/2023,Thursday
20230426,4/27/2023 4:38,4947,4:38,4/27/2023,Thursday
20230426,4/27/2023 8:58,4947,8:58,4/27/2023,Thursday
20230426,4/27/2023 7:54,100,7:54,4/27/2023,Thursday
20230427,4/28/2023 5:37,4948,5:37,4/28/2023,Friday
20230428,4/29/2023 4:33,4947,4:33,4/29/2023,Saturday
20230428,4/29/2023 6:06,7420,6:06,4/29/2023,Saturday
20230429,4/30/2023 2:37,4948,2:37,4/30/2023,Sunday
20230430,5/1/2023 7:01,4948,7:01,5/1/2023,Monday
20230430,5/1/2023 7:09,2426,7:09,5/1/2023,Monday
20230501,5/2/2023 2:32,4948,2:32,5/2/2023,Tuesday
20230502,5/3/2023 2:55,4948,2:55,5/3/2023,Wednesday
20230503,5/4/2023 2:34,4948,2:34,5/4/2023,Thursday
20230504,5/5/2023 3:07,4948,3:07,5/5/2023,Friday
20230505,5/6/2023 3:29,4947,3:29,5/6/2023,Saturday
20230505,5/6/2023 5:25,2473,5:25,5/6/2023,Saturday
20230506,5/7/2023 2:51,4948,2:51,5/7/2023,Sunday
20230507,5/8/2023 2:07,4948,2:07,5/8/2023,Monday
20230508,5/9/2023 3:13,4948,3:13,5/9/2023,Tuesday
20230509,5/10/2023 4:29,4948,4:29,5/10/2023,Wednesday
20230510,5/11/2023 2:26,4948,2:26,5/11/2023,Thursday
20230511,5/12/2023 2:22,4948,2:22,5/12/2023,Friday
20230512,5/13/2023 3:42,4947,3:42,5/13/2023,Saturday
20230512,5/13/2023 6:15,2473,6:15,5/13/2023,Saturday
20230513,5/14/2023 4:22,4948,4:22,5/14/2023,Sunday
20230514,5/15/2023 4:17,4948,4:17,5/15/2023,Monday
20230515,5/16/2023 3:18,4948,3:18,5/16/2023,Tuesday
20230516,5/17/2023 5:02,4948,5:02,5/17/2023,Wednesday
20230517,5/18/2023 4:13,4948,4:13,5/18/2023,Thursday
20230518,5/19/2023 3:33,4948,3:33,5/19/2023,Friday
20230519,5/20/2023 5:02,4947,5:02,5/20/2023,Saturday
20230519,5/20/2023 6:14,7420,6:14,5/20/2023,Saturday
20230520,5/21/2023 3:56,4948,3:56,5/21/2023,Sunday
20230521,5/22/2023 3:35,4948,3:35,5/22/2023,Monday
20230522,5/23/2023 3:52,4950,3:52,5/23/2023,Tuesday
20230523,5/24/2023 4:47,4950,4:47,5/24/2023,Wednesday
20230524,5/25/2023 3:36,4950,3:36,5/25/2023,Thursday
20230525,5/26/2023 3:55,4950,3:55,5/26/2023,Friday
20230526,5/27/2023 5:01,4949,5:01,5/27/2023,Saturday
20230526,5/27/2023 7:34,7423,7:34,5/27/2023,Saturday
20230527,5/28/2023 2:16,4950,2:16,5/28/2023,Sunday
20230528,5/29/2023 3:07,4950,3:07,5/29/2023,Monday
20230529,5/30/2023 3:11,4950,3:11,5/30/2023,Tuesday
20230530,5/31/2023 3:04,4956,3:04,5/31/2023,Wednesday
20230531,6/1/2023 8:12,4956,8:12,6/1/2023,Thursday
20230531,6/1/2023 8:34,7386,8:34,6/1/2023,Thursday
20230601,6/2/2023 4:41,4956,4:41,6/2/2023,Friday
20230602,6/3/2023 5:32,4955,5:32,6/3/2023,Saturday
20230602,6/3/2023 6:19,7432,6:19,6/3/2023,Saturday
20230603,6/4/2023 4:14,4956,4:14,6/4/2023,Sunday
20230603,6/4/2023 6:23,7231,6:23,6/4/2023,Sunday
20230604,6/5/2023 2:43,4956,2:43,6/5/2023,Monday
20230605,6/6/2023 4:11,4958,4:11,6/6/2023,Tuesday
20230606,6/7/2023 4:18,4962,4:18,6/7/2023,Wednesday
20230607,6/8/2023 4:48,4962,4:48,6/8/2023,Thursday
20230608,6/9/2023 3:38,4966,3:38,6/9/2023,Friday
20230609,6/10/2023 4:40,4965,4:40,6/10/2023,Saturday
20230609,6/10/2023 6:33,7447,6:33,6/10/2023,Saturday
20230610,6/11/2023 2:50,4966,2:50,6/11/2023,Sunday
20230611,6/12/2023 3:18,4966,3:18,6/12/2023,Monday
20230612,6/13/2023 3:20,4966,3:20,6/13/2023,Tuesday
20230613,6/14/2023 3:34,4966,3:34,6/14/2023,Wednesday
20230614,6/15/2023 3:24,4966,3:24,6/15/2023,Thursday
20230615,6/16/2023 3:56,4966,3:56,6/16/2023,Friday
20230616,6/17/2023 4:13,4965,4:13,6/17/2023,Saturday
20230616,6/17/2023 5:35,7447,5:35,6/17/2023,Saturday
20230617,6/18/2023 2:39,4968,2:39,6/18/2023,Sunday
20230618,6/19/2023 2:09,4968,2:09,6/19/2023,Monday
20230619,6/20/2023 4:24,4968,4:24,6/20/2023,Tuesday
20230620,6/21/2023 4:11,4974,4:11,6/21/2023,Wednesday
20230621,6/22/2023 3:39,4978,3:39,6/22/2023,Thursday
20230622,6/23/2023 4:27,4986,4:27,6/23/2023,Friday
20230623,6/24/2023 5:42,4989,5:42,6/24/2023,Saturday
20230623,6/24/2023 5:55,7483,5:55,6/24/2023,Saturday
20230624,6/25/2023 4:43,5010,4:43,6/25/2023,Sunday
20230625,6/26/2023 3:07,5010,3:07,6/26/2023,Monday
20230626,6/27/2023 2:50,5016,2:50,6/27/2023,Tuesday
20230627,6/28/2023 4:11,5040,4:11,6/28/2023,Wednesday
20230628,6/29/2023 4:40,5044,4:40,6/29/2023,Thursday
20230629,6/30/2023 3:40,5070,3:40,6/30/2023,Friday
20230630,7/1/2023 11:53,5074,11:53,7/1/2023,Saturday
20230630,7/1/2023 12:09,10098,12:09,7/1/2023,Saturday
20230701,7/2/2023 8:54,5078,8:54,7/2/2023,Sunday
20230702,7/3/2023 3:25,5078,3:25,7/3/2023,Monday
20230703,7/4/2023 4:25,5078,4:25,7/4/2023,Tuesday
20230704,7/5/2023 3:32,5078,3:32,7/5/2023,Wednesday
20230705,7/6/2023 4:42,5078,4:42,7/6/2023,Thursday
20230706,7/7/2023 4:04,5078,4:04,7/7/2023,Friday
20230707,7/8/2023 3:14,5077,3:14,7/8/2023,Saturday
20230707,7/8/2023 5:49,7615,5:49,7/8/2023,Saturday
20230708,7/9/2023 7:15,5078,7:15,7/9/2023,Sunday
20230708,7/9/2023 7:26,7616,7:26,7/9/2023,Sunday
20230709,7/10/2023 5:21,5078,5:21,7/10/2023,Monday
20230710,7/11/2023 4:51,5078,4:51,7/11/2023,Tuesday
20230711,7/12/2023 7:05,5078,7:05,7/12/2023,Wednesday
20230712,7/13/2023 4:42,5078,4:42,7/13/2023,Thursday
20230713,7/14/2023 5:35,5078,5:35,7/14/2023,Friday
20230714,7/15/2023 3:58,5077,3:58,7/15/2023,Saturday
20230714,7/15/2023 6:42,2538,6:42,7/15/2023,Saturday
20230715,7/16/2023 3:48,5078,3:48,7/16/2023,Sunday
20230716,7/17/2023 2:39,5078,2:39,7/17/2023,Monday
20230717,7/18/2023 3:35,5078,3:35,7/18/2023,Tuesday
20230718,7/19/2023 3:43,5078,3:43,7/19/2023,Wednesday
20230719,7/20/2023 3:12,5078,3:12,7/20/2023,Thursday
20230720,7/21/2023 2:50,5080,2:50,7/21/2023,Friday
20230721,7/22/2023 5:41,5079,5:41,7/22/2023,Saturday
20230721,7/22/2023 6:45,7618,6:45,7/22/2023,Saturday
20230722,7/23/2023 3:19,5080,3:19,7/23/2023,Sunday
20230723,7/24/2023 3:45,5080,3:45,7/24/2023,Monday
20230724,7/25/2023 4:52,5080,4:52,7/25/2023,Tuesday
20230725,7/26/2023 3:46,5080,3:46,7/26/2023,Wednesday
20230726,7/27/2023 6:13,5080,6:13,7/27/2023,Thursday
20230727,7/28/2023 4:18,5080,4:18,7/28/2023,Friday
20230728,7/29/2023 7:35,5079,7:35,7/29/2023,Saturday
20230728,7/29/2023 7:43,2539,7:43,7/29/2023,Saturday
20230729,7/30/2023 3:06,5080,3:06,7/30/2023,Sunday
20230730,7/31/2023 3:21,5080,3:21,7/31/2023,Monday
20230731,8/1/2023 9:11,5080,9:11,8/1/2023,Tuesday
20230801,8/2/2023 5:21,5084,5:21,8/2/2023,Wednesday
20230802,8/3/2023 4:09,5084,4:09,8/3/2023,Thursday
20230803,8/4/2023 4:27,5084,4:27,8/4/2023,Friday
20230804,8/5/2023 5:32,5083,5:32,8/5/2023,Saturday
20230804,8/5/2023 8:48,2541,8:48,8/5/2023,Saturday
20230805,8/6/2023 3:29,5086,3:29,8/6/2023,Sunday
20230806,8/7/2023 2:45,5086,2:45,8/7/2023,Monday
20230807,8/8/2023 3:59,5086,3:59,8/8/2023,Tuesday
20230808,8/9/2023 3:53,5086,3:53,8/9/2023,Wednesday
20230809,8/10/2023 3:48,5086,3:48,8/10/2023,Thursday
20230810,8/11/2023 5:09,5086,5:09,8/11/2023,Friday
20230811,8/12/2023 4:11,5085,4:11,8/12/2023,Saturday
20230811,8/12/2023 7:19,2542,7:19,8/12/2023,Saturday
20230812,8/13/2023 4:21,5086,4:21,8/13/2023,Sunday
20230813,8/14/2023 4:03,5086,4:03,8/14/2023,Monday
20230814,8/15/2023 3:37,5086,3:37,8/15/2023,Tuesday
20230815,8/16/2023 3:51,5086,3:51,8/16/2023,Wednesday
20230816,8/17/2023 4:09,5086,4:09,8/17/2023,Thursday
20230817,8/18/2023 5:18,5086,5:18,8/18/2023,Friday
20230818,8/19/2023 5:33,5089,5:33,8/19/2023,Saturday
20230818,8/19/2023 6:06,7633,6:06,8/19/2023,Saturday
20230819,8/20/2023 4:09,5090,4:09,8/20/2023,Sunday
20230820,8/21/2023 2:34,5090,2:34,8/21/2023,Monday
20230821,8/22/2023 4:25,5090,4:25,8/22/2023,Tuesday
20230822,8/23/2023 3:33,5092,3:33,8/23/2023,Wednesday
20230823,8/24/2023 4:02,5092,4:02,8/24/2023,Thursday
20230824,8/25/2023 3:38,5092,3:38,8/25/2023,Friday
20230825,8/26/2023 8:30,5093,8:30,8/26/2023,Saturday
20230825,8/26/2023 8:40,7639,8:40,8/26/2023,Saturday
20230826,8/27/2023 3:15,5094,3:15,8/27/2023,Sunday
20230827,8/28/2023 3:07,5094,3:07,8/28/2023,Monday
20230828,8/29/2023 3:40,5096,3:40,8/29/2023,Tuesday
20230829,8/30/2023 4:21,5098,4:21,8/30/2023,Wednesday
20230830,8/31/2023 5:29,5098,5:29,8/31/2023,Thursday
20230831,9/1/2023 8:34,5098,8:34,9/1/2023,Friday
20230831,9/1/2023 8:46,7597,8:46,9/1/2023,Friday
20230901,9/2/2023 6:40,5097,6:40,9/2/2023,Saturday
20230901,9/2/2023 6:47,7645,6:47,9/2/2023,Saturday
20230902,9/3/2023 4:27,5100,4:27,9/3/2023,Sunday
20230903,9/4/2023 2:28,5100,2:28,9/4/2023,Monday
20230904,9/5/2023 3:37,5100,3:37,9/5/2023,Tuesday
20230905,9/6/2023 4:20,5104,4:20,9/6/2023,Wednesday
20230906,9/7/2023 3:24,5104,3:24,9/7/2023,Thursday
20230907,9/8/2023 4:04,5104,4:04,9/8/2023,Friday
20230908,9/9/2023 6:21,5103,6:21,9/9/2023,Saturday
20230908,9/9/2023 5:06,7654,5:06,9/9/2023,Saturday
20230909,9/10/2023 3:09,5104,3:09,9/10/2023,Sunday
20230910,9/11/2023 3:32,5104,3:32,9/11/2023,Monday
20230911,9/12/2023 5:22,5118,5:22,9/12/2023,Tuesday
20230912,9/13/2023 3:39,5118,3:39,9/13/2023,Wednesday
20230913,9/14/2023 4:29,5118,4:29,9/14/2023,Thursday
20230914,9/15/2023 4:19,5122,4:19,9/15/2023,Friday
20230915,9/16/2023 4:49,5121,4:49,9/16/2023,Saturday
20230915,9/16/2023 7:19,7681,7:19,9/16/2023,Saturday
20230916,9/17/2023 2:54,5122,2:54,9/17/2023,Sunday
20230917,9/18/2023 2:41,5122,2:41,9/18/2023,Monday
20230918,9/19/2023 2:49,5126,2:49,9/19/2023,Tuesday
20230919,9/20/2023 2:52,5126,2:52,9/20/2023,Wednesday
20230920,9/21/2023 4:45,5132,4:45,9/21/2023,Thursday
20230921,9/22/2023 3:18,5134,3:18,9/22/2023,Friday
20230922,9/23/2023 5:59,5151,5:59,9/23/2023,Saturday
20230922,9/23/2023 6:09,2575,6:09,9/23/2023,Saturday
20230923,9/24/2023 4:09,5152,4:09,9/24/2023,Sunday
20230924,9/25/2023 3:19,5152,3:19,9/25/2023,Monday
20230925,9/26/2023 5:40,5152,5:40,9/26/2023,Tuesday
20230926,9/27/2023 5:05,5164,5:05,9/27/2023,Wednesday
20230927,9/28/2023 4:58,5188,4:58,9/28/2023,Thursday
20230928,9/29/2023 5:19,5236,5:19,9/29/2023,Friday
20230929,9/30/2023 6:55,5235,6:55,9/30/2023,Saturday
20230930,10/1/2023 12:00,5184,12:00,10/1/2023,Sunday
20230930,10/2/2023 0:40,215,0:40,10/2/2023,Monday
20231001,10/1/2023 11:51,5244,11:51,10/1/2023,Sunday
20231002,10/3/2023 3:07,5244,3:07,10/3/2023,Tuesday
20231003,10/4/2023 4:38,5244,4:38,10/4/2023,Wednesday
20231004,10/5/2023 4:21,5244,4:21,10/5/2023,Thursday
20231005,10/6/2023 4:45,5244,4:45,10/6/2023,Friday
20231006,10/7/2023 3:59,5243,3:59,10/7/2023,Saturday
20231006,10/7/2023 7:46,7864,7:46,10/7/2023,Saturday
20231007,10/8/2023 3:17,5244,3:17,10/8/2023,Sunday
20231008,10/9/2023 3:32,5244,3:32,10/9/2023,Monday
20231009,10/10/2023 4:18,5244,4:18,10/10/2023,Tuesday
20231010,10/11/2023 3:29,5244,3:29,10/11/2023,Wednesday
20231011,10/12/2023 5:03,5244,5:03,10/12/2023,Thursday
20231012,10/13/2023 4:21,5244,4:21,10/13/2023,Friday
20231013,10/14/2023 5:32,5243,5:32,10/14/2023,Saturday
20231013,10/14/2023 7:16,7864,7:16,10/14/2023,Saturday
20231014,10/15/2023 3:03,5244,3:03,10/15/2023,Sunday
20231015,10/16/2023 3:08,5244,3:08,10/16/2023,Monday
20231016,10/17/2023 3:14,5244,3:14,10/17/2023,Tuesday
20231017,10/18/2023 3:41,5244,3:41,10/18/2023,Wednesday
20231018,10/19/2023 3:54,5244,3:54,10/19/2023,Thursday
20231019,10/20/2023 4:26,5244,4:26,10/20/2023,Friday
20231020,10/21/2023 4:37,5243,4:37,10/21/2023,Saturday
20231020,10/21/2023 6:25,7864,6:25,10/21/2023,Saturday
20231021,10/22/2023 4:27,5244,4:27,10/22/2023,Sunday
20231022,10/23/2023 3:35,5244,3:35,10/23/2023,Monday
20231023,10/24/2023 6:22,5244,6:22,10/24/2023,Tuesday
20231024,10/25/2023 3:21,5244,3:21,10/25/2023,Wednesday
20231025,10/26/2023 4:27,5244,4:27,10/26/2023,Thursday
20231026,10/27/2023 5:15,5246,5:15,10/27/2023,Friday
20231027,10/28/2023 9:10,5245,9:10,10/28/2023,Saturday
20231027,10/28/2023 9:13,7867,9:13,10/28/2023,Saturday
20231028,10/29/2023 5:06,5246,5:06,10/29/2023,Sunday
20231029,10/30/2023 4:39,5246,4:39,10/30/2023,Monday
20231030,10/31/2023 6:06,5246,6:06,10/31/2023,Tuesday
20231031,11/1/2023 8:56,5246,8:56,11/1/2023,Wednesday
20231031,11/1/2023 9:30,7817,9:30,11/1/2023,Wednesday
20231101,11/2/2023 4:09,5246,4:09,11/2/2023,Thursday
20231102,11/3/2023 4:02,5246,4:02,11/3/2023,Friday
20231103,11/4/2023 5:43,5245,5:43,11/4/2023,Saturday
20231103,11/4/2023 7:12,7867,7:12,11/4/2023,Saturday
20231104,11/5/2023 4:34,5246,4:34,11/5/2023,Sunday
20231105,11/6/2023 3:05,5246,3:05,11/6/2023,Monday
20231106,11/7/2023 4:17,5246,4:17,11/7/2023,Tuesday
20231107,11/8/2023 3:54,5246,3:54,11/8/2023,Wednesday
20231108,11/9/2023 5:27,5246,5:27,11/9/2023,Thursday
20231109,11/10/2023 3:58,5250,3:58,11/10/2023,Friday
20231110,11/11/2023 5:51,5249,5:51,11/11/2023,Saturday
20231110,11/11/2023 5:53,2624,5:53,11/11/2023,Saturday
20231111,11/12/2023 3:10,5250,3:10,11/12/2023,Sunday
20231112,11/13/2023 2:34,5250,2:34,11/13/2023,Monday
20231113,11/14/2023 3:29,5250,3:29,11/14/2023,Tuesday
20231114,11/15/2023 2:59,5250,2:59,11/15/2023,Wednesday
20231115,11/16/2023 4:03,5250,4:03,11/16/2023,Thursday
20231116,11/17/2023 3:46,5250,3:46,11/17/2023,Friday
20231117,11/18/2023 5:20,5249,5:20,11/18/2023,Saturday
20231117,11/18/2023 7:38,7873,7:38,11/18/2023,Saturday
20231118,11/19/2023 3:22,5254,3:22,11/19/2023,Sunday
20231119,11/20/2023 18:27,51,18:27,11/20/2023,Monday
20231119,11/20/2023 13:32,5252,13:32,11/20/2023,Monday
20231119,11/20/2023 22:45,5252,22:45,11/20/2023,Monday
20231119,11/20/2023 5:26,5252,5:26,11/20/2023,Monday
20231120,11/21/2023 4:30,5254,4:30,11/21/2023,Tuesday
20231121,11/22/2023 4:15,5256,4:15,11/22/2023,Wednesday
20231122,11/23/2023 6:16,5256,6:16,11/23/2023,Thursday
20231123,11/24/2023 3:55,5256,3:55,11/24/2023,Friday
20231129,11/30/2023 3:35,5270,3:35,11/30/2023,Thursday
20231130,12/1/2023 9:41,7906,9:41,12/1/2023,Friday
20231201,12/2/2023 4:17,7906,4:17,12/2/2023,Saturday
20231201,12/2/2023 5:50,2635,5:50,12/2/2023,Saturday
20231202,12/3/2023 7:45,5272,7:45,12/3/2023,Sunday
20231203,12/4/2023 3:07,5272,3:07,12/4/2023,Monday
20231204,12/5/2023 5:30,5272,5:30,12/5/2023,Tuesday
20231205,12/6/2023 4:16,5272,4:16,12/6/2023,Wednesday
20231206,12/7/2023 4:14,5272,4:14,12/7/2023,Thursday
20231207,12/8/2023 4:14,5272,4:14,12/8/2023,Friday
20231208,12/9/2023 5:24,5271,5:24,12/9/2023,Saturday
20231208,12/9/2023 7:52,7906,7:52,12/9/2023,Saturday
20231209,12/10/2023 5:14,5272,5:14,12/10/2023,Sunday
20231210,12/11/2023 3:58,5272,3:58,12/11/2023,Monday
20231211,12/12/2023 4:07,5272,4:07,12/12/2023,Tuesday
20231212,12/13/2023 3:32,5272,3:32,12/13/2023,Wednesday
20231213,12/14/2023 4:17,5272,4:17,12/14/2023,Thursday
20231214,12/15/2023 4:22,5274,4:22,12/15/2023,Friday
20231216,12/17/2023 8:03,5280,8:03,12/17/2023,Sunday
20231217,12/18/2023 3:07,5280,3:07,12/18/2023,Monday
20231218,12/19/2023 4:26,5282,4:26,12/19/2023,Tuesday
20231219,12/20/2023 4:40,5288,4:40,12/20/2023,Wednesday
20231220,12/21/2023 5:28,5294,5:28,12/21/2023,Thursday
20231221,12/22/2023 5:36,5294,5:36,12/22/2023,Friday
20231222,12/23/2023 7:05,5295,7:05,12/23/2023,Saturday
20231222,12/23/2023 8:17,7942,8:17,12/23/2023,Saturday
20231223,12/24/2023 4:39,5296,4:39,12/24/2023,Sunday
20231224,12/25/2023 4:24,5296,4:24,12/25/2023,Monday
20231225,12/26/2023 3:45,5296,3:45,12/26/2023,Tuesday
20231226,12/27/2023 4:18,5300,4:18,12/27/2023,Wednesday
20231227,12/28/2023 4:51,5306,4:51,12/28/2023,Thursday
20231228,12/29/2023 4:19,5348,4:19,12/29/2023,Friday
20231229,12/30/2023 6:43,5369,6:43,12/30/2023,Saturday
20231229,12/30/2023 7:21,8053,7:21,12/30/2023,Saturday
20231230,12/31/2023 5:52,5370,5:52,12/31/2023,Sunday
20231231,1/1/2024 9:09,5368,9:09,1/1/2024,Monday
20231231,1/1/2024 9:20,10684,9:20,1/1/2024,Monday
20233092,9/30/2023 7:49,2617,7:49,9/30/2023,Saturday
20240101,1/2/2024 7:56,5372,7:56,1/2/2024,Tuesday
20240102,1/3/2024 6:32,5372,6:32,1/3/2024,Wednesday
20240103,1/4/2024 6:41,5372,6:41,1/4/2024,Thursday
20240104,1/5/2024 4:50,5372,4:50,1/5/2024,Friday
20240105,1/6/2024 7:01,5371,7:01,1/6/2024,Saturday
20240105,1/6/2024 7:08,8056,7:08,1/6/2024,Saturday
20240106,1/7/2024 6:26,5372,6:26,1/7/2024,Sunday
20240107,1/8/2024 3:35,5372,3:35,1/8/2024,Monday
20240108,1/9/2024 5:18,5372,5:18,1/9/2024,Tuesday
20240109,1/10/2024 5:25,5372,5:25,1/10/2024,Wednesday
20240110,1/11/2024 5:56,5372,5:56,1/11/2024,Thursday
20240111,1/12/2024 3:47,5372,3:47,1/12/2024,Friday
20240112,1/13/2024 7:00,5372,7:00,1/13/2024,Saturday
20240113,1/14/2024 3:58,5372,3:58,1/14/2024,Sunday
20240114,1/15/2024 4:12,5372,4:12,1/15/2024,Monday
20240115,1/16/2024 5:23,5372,5:23,1/16/2024,Tuesday
20240116,1/17/2024 4:40,5372,4:40,1/17/2024,Wednesday
20240117,1/18/2024 5:05,5372,5:05,1/18/2024,Thursday
20240118,1/19/2024 4:25,5372,4:25,1/19/2024,Friday
20240119,1/20/2024 6:53,5371,6:53,1/20/2024,Saturday
20240119,1/20/2024 4:58,8056,4:58,1/20/2024,Saturday
20240120,1/21/2024 5:21,5372,5:21,1/21/2024,Sunday
20240121,1/22/2024 3:16,5372,3:16,1/22/2024,Monday
20240122,1/23/2024 4:18,5372,4:18,1/23/2024,Tuesday
20240123,1/24/2024 3:58,5372,3:58,1/24/2024,Wednesday
20240124,1/25/2024 5:39,5372,5:39,1/25/2024,Thursday
20240125,1/26/2024 5:12,5372,5:12,1/26/2024,Friday
20240126,1/27/2024 6:05,5371,6:05,1/27/2024,Saturday
20240126,1/27/2024 6:21,2685,6:21,1/27/2024,Saturday
20240127,1/28/2024 3:42,5372,3:42,1/28/2024,Sunday
20240128,1/29/2024 4:52,5372,4:52,1/29/2024,Monday
20240129,1/30/2024 4:06,5372,4:06,1/30/2024,Tuesday
20240130,1/31/2024 5:28,5372,5:28,1/31/2024,Wednesday
20240131,2/1/2024 21:39,5372,21:39,2/1/2024,Thursday
20240131,2/1/2024 21:44,2634,21:44,2/1/2024,Thursday
20240201,2/2/2024 9:02,5372,9:02,2/2/2024,Friday
20240202,2/3/2024 8:21,5371,8:21,2/3/2024,Saturday
20240202,2/3/2024 8:35,2685,8:35,2/3/2024,Saturday
20240203,2/4/2024 5:53,5372,5:53,2/4/2024,Sunday
20240204,2/5/2024 5:23,5372,5:23,2/5/2024,Monday
20240205,2/6/2024 4:22,5372,4:22,2/6/2024,Tuesday
20240206,2/7/2024 5:23,5372,5:23,2/7/2024,Wednesday
20240207,2/8/2024 5:23,5390,5:23,2/8/2024,Thursday
20240208,2/9/2024 7:20,5390,7:20,2/9/2024,Friday
30042021,5/1/2021 7:07,2179,7:07,5/1/2021,Saturday
20210630,7/1/2021 15:51,4239,15:51,7/1/2021,Thursday
20210129,1/30/2021 7:37,2084,7:37,1/30/2021,Saturday
20231119,11/21/2023 13:32,5250,13:32,11/21/2023,Tuesday
20210528,5/29/2021 6:11,2138,6:11,5/29/2021,Saturday
