FolderName,CreationDate,FileCount
20200208,9/7/2020 21:17,4050
20200309,9/7/2020 21:19,4050
20200310,9/7/2020 21:23,4050
20200311,9/7/2020 21:24,4050
20200312,9/7/2020 21:25,4050
20200313,9/7/2020 21:27,6073
20200314,9/7/2020 21:29,4050
20200315,9/7/2020 21:30,4050
20200316,9/7/2020 21:31,4050
20200317,9/7/2020 21:32,4050
20200318,9/7/2020 21:33,4050
20200319,9/7/2020 21:34,4052
20200320,9/7/2020 21:35,6076
20200321,9/7/2020 21:37,4052
20200322,9/7/2020 21:38,4052
20200323,9/7/2020 21:39,4056
20200324,9/7/2020 21:41,4056
20200325,9/7/2020 21:42,4056
20200326,9/7/2020 21:43,4056
20200327,9/7/2020 21:44,6082
20200328,9/7/2020 21:45,4056
20200329,9/7/2020 21:46,4056
20200330,9/7/2020 21:47,4056
20200331POSTEOY,9/7/2020 21:48,4017
20200331PREEOY,9/7/2020 21:49,8070
20200401,9/7/2020 21:52,4056
20200402,9/7/2020 21:53,4056
20200403,9/7/2020 21:54,6082
20200404,9/7/2020 21:55,4056
20200405,9/7/2020 21:56,4056
20200406,9/7/2020 21:58,4056
20200407,9/7/2020 21:59,4056
20200408,9/7/2020 22:00,4056
20200409,9/7/2020 22:01,4056
20200410,9/7/2020 22:02,6082
20200411,9/7/2020 22:03,4056
20200412,9/7/2020 22:04,4056
20200413,9/7/2020 22:05,4056
20200414,9/7/2020 22:06,4056
20200415,9/7/2020 22:07,4056
20200416,9/7/2020 22:08,4056
20200417,9/7/2020 22:09,6082
20200418,9/7/2020 22:11,4056
20200419,9/7/2020 22:12,4056
20200420,9/7/2020 22:13,4056
20200421,9/7/2020 22:14,4056
20200422,9/7/2020 22:15,4055
20200423,9/7/2020 22:16,4056
20200424,9/7/2020 22:17,6082
20200425,9/7/2020 22:19,4056
20200426,9/7/2020 22:20,4056
20200427,9/7/2020 22:21,4056
20200428,9/7/2020 22:22,4056
20200429,9/7/2020 22:23,4056
20200430,9/7/2020 22:24,4057
20200501,9/7/2020 22:25,6082
20200502,9/7/2020 22:27,4056
20200503,9/7/2020 22:28,4056
20200504,9/7/2020 22:29,4056
20200505,9/7/2020 22:30,4056
20200506,9/7/2020 22:31,4056
20200507,9/7/2020 22:32,4056
20200508,9/7/2020 22:34,6082
20200509,9/7/2020 22:35,4056
20200510,9/7/2020 22:36,4056
20200511,9/7/2020 22:37,4056
20200512,9/7/2020 22:38,4056
20200513,9/7/2020 22:39,4056
20200514,9/7/2020 22:40,4056
20200515,9/7/2020 22:41,6082
20200516,9/7/2020 22:43,4056
20200517,9/7/2020 22:44,4056
20200518,9/7/2020 22:45,4056
20200519,9/7/2020 22:46,4056
20200520,9/7/2020 22:47,4056
20200521,9/7/2020 22:48,4056
20200920,9/21/2020 11:07,6123
20200921,9/22/2020 2:59,4104
20200922,9/23/2020 2:32,4104
20200923,9/24/2020 2:04,4104
20200924,9/25/2020 2:38,4104
20200925,9/26/2020 9:56,6157
20200926,9/27/2020 5:48,4106
20200927,9/28/2020 2:27,4106
20200928,9/29/2020 4:33,4108
20200929,9/30/2020 5:38,4108
20200930,10/1/2020 21:28,8177
20201001,10/2/2020 3:15,4114
20201002,10/3/2020 3:17,6166
20201003,10/4/2020 5:39,4112
20201003_BomAdjusted,10/31/2020 7:11,2056
20201004,10/5/2020 3:32,4112
20201005,10/6/2020 5:14,4112
20201006,10/7/2020 3:31,4112
20201007,10/8/2020 3:03,4112
20201008,10/9/2020 3:19,4112
20201009,10/10/2020 5:23,4111
20201010,10/11/2020 3:39,4112
20201011,10/12/2020 2:49,4112
20201012,10/13/2020 5:49,4112
20201013,10/14/2020 4:24,4112
20201014,10/15/2020 8:46,4112
20201015,10/16/2020 2:54,4112
20201016,10/17/2020 8:29,4111
20201017,10/18/2020 3:19,4112
20201018,10/19/2020 2:03,4112
20201019,10/20/2020 2:50,4112
20201020,10/21/2020 3:58,4112
20201021,10/22/2020 1:38,4114
20201022,10/23/2020 2:34,4114
20201023,10/24/2020 4:04,6169
20201024,10/25/2020 2:42,4114
20201025,10/26/2020 1:51,4114
20201026,10/27/2020 2:48,4114
20201027,10/28/2020 3:41,4114
20201028,10/29/2020 2:14,4114
20201029,10/30/2020 3:41,4114
20201030,10/5/2020 12:18,4113
20201031,11/1/2020 11:57,4115
20201101,11/2/2020 4:47,4114
20201102,11/3/2020 5:04,4114
20201103,11/4/2020 4:10,4122
20201104,11/5/2020 5:27,4122
20201105,11/6/2020 5:28,4122
20201106,11/7/2020 5:52,4121
20201107,11/8/2020 4:31,4122
20201108,11/9/2020 2:11,4122
20201109,11/10/2020 5:39,4122
20201110,11/11/2020 3:11,4122
20201111,11/12/2020 3:15,4124
20201112,11/13/2020 3:19,4128
20201113,11/14/2020 6:24,4127
20201113_Bomadjusted,11/14/2020 7:21,2063
20201114,11/15/2020 3:44,4128
20201115,11/16/2020 3:40,4128
20201116,11/17/2020 4:16,4128
20201117,11/18/2020 4:47,4128
20201118,11/19/2020 4:31,4132
20201119,11/20/2020 4:44,4132
20201120,11/21/2020 5:56,6196
20201121,11/22/2020 4:53,4132
20201122,11/23/2020 1:19,4132
20201123,11/24/2020 3:28,4132
20201124,11/25/2020 2:11,4132
20201125,11/26/2020 2:24,4132
20201126,11/27/2020 3:13,4132
20201127,11/28/2020 5:35,4092
20201127_extra,11/28/2020 7:50,2107
20201128,11/29/2020 1:08,4134
20201129,11/30/2020 2:53,4134
20201130,12/1/2020 9:32,4134
20201201,12/2/2020 5:17,4134
20201202,12/3/2020 4:57,4134
20201203,12/4/2020 3:59,4134
20201204,12/5/2020 5:59,4133
20201204_extra,12/5/2020 8:41,2066
20201205,12/6/2020 5:46,4134
20201206,12/7/2020 1:48,4134
20201207,12/8/2020 4:59,4136
20201208,12/9/2020 5:22,4136
20201209,12/10/2020 4:35,4136
20201210,12/11/2020 5:02,4136
20201211,12/12/2020 5:01,4135
20201211-Orig,12/12/2020 7:24,6202
20201211_extra,12/12/2020 7:25,2067
20201212,12/13/2020 2:20,4136
20201213,12/14/2020 1:00,4136
20201214,12/15/2020 2:39,4136
20201215,12/16/2020 10:25,4136
20201216,12/17/2020 2:59,4136
20201217,12/18/2020 2:51,4136
20201218,12/19/2020 4:00,4135
20201218_extra,12/19/2020 7:32,2067
20201219,12/20/2020 1:59,4138
20201220,12/21/2020 3:01,4138
20201221,12/22/2020 4:19,4140
20201222,12/23/2020 3:53,4140
20201223,12/24/2020 3:33,4140
20201224,12/25/2020 3:28,4148
20201225,12/26/2020 6:53,4147
20201225_extra,12/26/2020 7:00,2073
20201226,12/27/2020 4:20,4148
20201227,12/28/2020 4:44,4148
20201228,12/29/2020 3:25,4148
20201229,12/30/2020 3:15,4154
20201230,12/31/2020 13:21,4162
20201230_OLD,12/31/2020 3:41,4162
20201231,1/1/2021 11:55,0
20210101,1/2/2021 4:59,4161
20210102,1/3/2021 2:45,4162
20210103,1/4/2021 5:36,4162
20210104,1/5/2021 6:28,4162
20210105,1/6/2021 5:48,4162
20210106,1/7/2021 4:55,4162
20210107,1/8/2021 4:47,4162
20210107_01,1/8/2022 7:19,2224
20210108,1/9/2021 6:47,4161
20210108_adjusted,1/9/2021 8:44,2080
20210109,1/10/2021 5:44,4162
20210110,1/11/2021 5:07,4162
20210111,1/12/2021 5:05,4162
20210112,1/13/2021 5:17,4162
20210113,1/14/2021 10:10,4162
20210114,1/15/2021 4:00,4162
20210115,1/16/2021 5:50,4161
20210116,1/17/2021 6:34,4162
20210117,1/18/2021 2:00,4162
20210118,1/19/2021 3:46,4164
20210119,1/20/2021 3:46,4164
20210120,1/21/2021 3:38,4164
20210121,1/22/2021 3:18,4166
20210122,1/23/2021 4:00,4165
20210122_Adjusted,1/23/2021 7:32,2082
20210122_orig,1/23/2021 7:31,6247
20210123,1/24/2021 3:13,4166
20210124,1/25/2021 2:21,4166
20210125,1/26/2021 2:21,4170
20210126,1/27/2021 1:54,4170
20210127,1/28/2021 2:25,4170
20210128,1/29/2021 3:28,4170
20210129,1/30/2021 3:21,2079
20210130,1/31/2021 3:05,4170
20210131,2/1/2021 7:22,4170
20210131adjusted,2/1/2021 7:30,2042
20210201,2/2/2021 4:56,4170
20210202,2/3/2021 4:26,4174
20210203,2/4/2021 3:07,4174
20210204,2/5/2021 3:03,4174
20210205,2/6/2021 5:03,4173
20210205extra,2/6/2021 7:25,2086
20210206,2/7/2021 6:11,4174
20210207,2/8/2021 2:13,4174
20210208,2/9/2021 3:44,4174
20210209,2/10/2021 4:19,4174
20210210,2/11/2021 3:51,4176
20210211,2/12/2021 3:19,4182
20210212,2/13/2021 3:32,4181
20210212_extra,2/13/2021 7:11,2090
20210213,2/14/2021 2:16,4182
20210214,2/15/2021 1:37,4182
20210215,2/16/2021 7:35,4182
20210216,2/17/2021 2:58,4182
20210217,2/18/2021 1:50,4184
20210218,2/19/2021 2:43,4184
20210219,2/20/2021 3:21,4183
20210219-Extra,2/20/2021 7:18,2091
20210220,2/21/2021 1:51,4184
20210221,2/22/2021 0:38,4184
20210222,2/23/2021 3:01,4186
20210223,2/24/2021 2:29,4186
20210224,2/25/2021 2:09,4186
20210225,2/26/2021 2:51,4186
20210226,2/27/2021 5:37,4185
20210226-Extra,2/27/2021 7:22,2092
20210227,2/28/2021 2:20,4186
20210228,3/1/2021 7:23,4186
20210228_1,3/1/2021 8:27,2050
20210301,3/2/2021 2:57,4188
20210302,3/3/2021 2:53,4188
20210303,3/4/2021 3:13,4188
20210304,3/5/2021 2:41,4188
20210305,3/6/2021 8:50,4195
20210305_1,3/6/2021 9:26,0
20210306,3/7/2021 4:48,4208
20210307,3/8/2021 1:37,4208
20210308,3/9/2021 4:30,4208
20210309,3/10/2021 3:37,4208
20210310,3/11/2021 3:46,4208
20210311,3/12/2021 2:28,4210
20210312,3/13/2021 5:05,4213
20210313,3/14/2021 4:16,4214
20210314,3/15/2021 2:46,4214
20210315,3/16/2021 2:06,4218
20210316,3/17/2021 2:14,4218
20210317,3/18/2021 4:06,4218
20210318,3/19/2021 2:49,4218
20210319,3/20/2021 4:05,4217
20210319 - Extra,3/20/2021 7:23,2108
20210319 - Original,3/20/2021 7:22,6325
20210320,3/21/2021 3:32,4234
20210321,3/22/2021 1:31,4234
20210322,3/23/2021 3:33,4234
20210323,3/24/2021 3:32,4250
20210324,3/25/2021 3:40,4256
20210325,3/26/2021 2:17,4256
20210326,3/27/2021 4:29,6382
20210327,3/28/2021 3:34,4256
20210328,3/29/2021 2:34,4258
20210329,3/30/2021 2:45,4258
20210330,3/31/2021 6:31,4258
20210331,4/1/2021 23:43,4274
20210331extra,11/1/2021 10:32,2172
20210331POSTEOY,4/2/2021 1:18,4231
20210331PREEOY,4/3/2021 12:21,8505
20210331PREEOY_FirstFolder,4/1/2021 20:56,8505
20210331_FirstFolder,4/1/2021 21:18,4054
20210401,4/2/2021 12:55,4276
20210402,4/3/2021 4:56,4275
20210402_ADJUSTED,4/3/2021 6:27,2137
20210403,4/4/2021 4:29,4276
20210404,4/5/2021 2:17,4276
20210405,4/6/2021 3:51,4276
20210406,4/7/2021 2:48,4276
20210407,4/8/2021 2:45,4276
20210408,4/9/2021 3:04,4276
20210409,4/10/2021 4:49,4275
20210409_Adjusted,4/10/2021 7:37,2137
20210410,4/11/2021 2:30,4276
20210411,4/12/2021 2:14,4276
20210412,4/13/2021 4:45,4276
20210413,4/14/2021 4:28,4276
20210414,4/15/2021 2:27,4276
20210415,4/16/2021 3:42,4276
20210416,4/17/2021 4:39,4276
20210417,4/18/2021 3:41,4276
20210418,4/19/2021 1:37,4276
20210419,4/20/2021 4:49,4276
20210420,4/21/2021 2:51,4276
20210421,4/22/2021 1:57,4276
20210422,4/23/2021 3:18,4278
20210423,4/24/2021 1:57,4277
20210424,4/25/2021 2:30,4278
20210425,4/26/2021 1:18,4278
20210426,4/27/2021 1:50,4278
20210427,4/28/2021 2:13,4278
20210428,4/29/2021 2:22,4278
20210429,4/30/2021 1:14,4278
20210430,5/1/2021 7:03,6415
20210501,5/2/2021 3:16,4278
20210502,5/3/2021 3:47,4278
20210503,5/4/2021 3:23,4278
20210504,5/5/2021 3:48,4278
20210505,5/6/2021 3:52,4278
20210506,5/7/2021 3:27,4278
20210507,5/8/2021 6:54,4277
20210507 - original,5/8/2021 6:56,6415
20210507 Extra,5/8/2021 6:58,2138
20210508,5/9/2021 4:19,4278
20210509,5/10/2021 2:33,4278
20210510,5/11/2021 3:15,4278
20210511,5/12/2021 3:10,4278
20210512,5/13/2021 1:38,4278
20210513,5/14/2021 2:06,4278
20210514,5/15/2021 2:17,4277
20210514 Extra,5/15/2021 7:29,2138
20210515,5/16/2021 2:17,4278
20210516,5/17/2021 1:46,4278
20210517,5/18/2021 1:51,4278
20210518,5/19/2021 5:02,4278
20210519,5/20/2021 2:04,4278
20210520,5/21/2021 2:52,4278
20210521,5/22/2021 2:56,4277
20210521_Extra,5/22/2021 7:37,2138
20210521_Original,5/22/2021 7:37,6415
20210522,5/23/2021 1:38,4278
20210523,5/24/2021 1:31,4278
20210524,5/25/2021 2:56,4278
20210525,5/26/2021 2:10,4278
20210526,5/27/2021 1:13,4278
20210527,5/28/2021 3:20,4278
20210528,5/29/2021 2:57,4277
20210529,5/30/2021 2:18,4280
20210530,5/31/2021 4:14,4280
20210531,6/1/2021 11:47,4280
20210601,6/2/2021 8:08,4280
20210602,6/3/2021 3:53,4280
20210603,6/4/2021 3:24,4280
20210604,6/5/2021 4:18,4279
20210605,6/6/2021 3:22,4280
20210606,6/7/2021 2:49,4280
20210607,6/8/2021 4:10,4280
20210608,6/9/2021 2:57,4280
20210609,6/10/2021 3:26,4280
20210610,6/11/2021 2:21,4280
20210611,6/12/2021 7:11,4279
20210611_Original,6/12/2021 4:04,6418
20210612,6/13/2021 2:48,4280
20210613,6/14/2021 2:28,4280
20210614,6/15/2021 2:27,4280
20210615,6/16/2021 3:04,4280
20210616,6/17/2021 2:07,4280
20210617,6/18/2021 1:53,4280
20210618,6/19/2021 3:52,4279
20210618 - Og,6/19/2021 6:29,6418
20210619,6/20/2021 2:46,4280
20210620,6/21/2021 2:12,4280
20210621,6/22/2021 2:29,4280
20210622,6/23/2021 3:39,4280
20210623,6/24/2021 3:00,4280
20210624,6/25/2021 3:06,4280
20210625,6/26/2021 4:05,4279
20210625_Original,6/26/2021 6:52,6418
20210626,6/27/2021 1:56,4280
20210627,6/28/2021 2:37,4280
20210628,6/29/2021 8:58,4282
20210629,6/30/2021 3:43,4284
20210630,7/1/2021 15:49,4282
20210630_Original,7/1/2021 14:12,8521
20210701,7/2/2021 6:32,4287
20210702,7/3/2021 6:57,4287
20210702bom adjusted,7/3/2021 7:03,2143
20210703,7/4/2021 4:17,4288
20210704,7/5/2021 2:25,4288
20210705,7/6/2021 2:53,4288
20210706,7/7/2021 2:44,4288
20210707,7/8/2021 2:45,4288
20210708,7/9/2021 1:50,4288
20210709,7/10/2021 3:27,6431
20210710,7/11/2021 2:17,4288
20210711,7/12/2021 3:51,4288
20210712,7/13/2021 2:10,4290
20210713,7/14/2021 1:43,4290
20210714,7/15/2021 1:40,4294
20210715,7/16/2021 1:56,4294
20210716,7/17/2021 3:06,4293
20210716_Bomadjusted,7/17/2021 7:05,2146
20210717,7/18/2021 1:29,4294
20210718,7/19/2021 1:46,4294
20210719,7/20/2021 1:48,4294
20210720,7/21/2021 1:55,4294
20210721,7/22/2021 2:01,4294
20210722,7/23/2021 1:45,4294
20210723,7/24/2021 4:49,4293
20210723_Bomadjusted,7/24/2021 7:03,2146
20210724,7/25/2021 2:16,4294
20210725,7/26/2021 1:15,4294
20210726,7/27/2021 1:26,4294
20210727,7/28/2021 1:45,4294
20210728,7/29/2021 2:03,4294
20210729,7/30/2021 2:18,4294
20210730,7/31/2021 3:22,4297
20210730__Bomadjusted,7/31/2021 8:31,2148
20210731,8/1/2021 10:02,4298
20210731_Bomadjustedd,8/1/2021 10:11,2105
20210801,8/2/2021 2:39,4298
20210802,8/3/2021 4:20,4298
20210803,8/4/2021 3:57,4298
20210804,8/5/2021 1:53,4298
20210805,8/6/2021 2:47,4302
20210806,8/7/2021 4:07,4301
20210806 - all,8/7/2021 7:05,4301
20210806 Extra,8/7/2021 7:06,2150
20210807,8/8/2021 2:32,4306
20210808,8/9/2021 1:56,4306
20210809,8/10/2021 2:58,4306
20210810,8/11/2021 3:04,4306
20210811,8/12/2021 2:33,4306
20210812,8/13/2021 2:52,4306
20210813,8/14/2021 4:18,4311
20210813_extra,8/14/2021 6:37,2155
20210814,8/15/2021 1:34,4312
20210815,8/16/2021 1:47,4312
20210816,8/17/2021 1:44,4312
20210817,8/18/2021 2:48,4312
20210818,8/19/2021 1:39,4312
20210819,8/20/2021 1:27,4312
20210820,8/21/2021 2:42,4321
20210820_Extra,8/21/2021 7:46,2160
20210820_Original,8/21/2021 7:46,6481
20210821,8/22/2021 4:06,4322
20210822,8/23/2021 1:56,4322
20210823,8/24/2021 1:43,4322
20210824,8/25/2021 2:36,4328
20210825,8/26/2021 2:53,4328
20210826,8/27/2021 2:13,4338
20210827,8/28/2021 3:21,4339
20210828,8/29/2021 2:32,4340
20210829,8/30/2021 1:14,4340
20210830,8/31/2021 2:29,4340
20210831,9/1/2021 8:57,4340
20210901,9/2/2021 3:11,4344
20210902,9/3/2021 2:34,4344
20210903,9/4/2021 3:31,4345
20210904,9/5/2021 1:55,4358
20210905,9/6/2021 3:58,4358
20210906,9/7/2021 2:58,4358
20210907,9/8/2021 1:18,4360
20210908,9/9/2021 1:53,4360
20210909,9/10/2021 2:45,4380
20210910,9/11/2021 7:15,4379
20210910_orginal,9/11/2021 3:01,6568
20210911,9/12/2021 1:47,4380
20210912,9/13/2021 3:12,4380
20210913,9/14/2021 2:11,4380
20210914,9/15/2021 2:02,4394
20210915,9/16/2021 3:17,4398
20210916,9/17/2021 3:53,4406
20210917,9/18/2021 1:42,4405
20210917adju,9/18/2021 6:33,2202
20210918,9/19/2021 1:54,4406
20210919,9/20/2021 3:08,4406
20210920,9/21/2021 1:41,4406
20210921,9/22/2021 2:58,4406
20210922,9/23/2021 3:01,4406
20210923,9/24/2021 2:23,4406
20210924,9/25/2021 2:46,6607
20210924 - Copy,9/25/2021 7:13,6607
20210924adjusted,9/25/2021 7:15,2202
20210925,9/26/2021 1:19,4406
20210926,9/27/2021 0:38,4406
20210927,9/28/2021 1:55,4406
20210928,9/29/2021 2:25,4406
20210929,9/30/2021 4:08,4406
20210930,10/1/2021 9:46,4404
20210930_1,10/1/2021 10:14,4360
20211001,10/2/2021 5:19,4413
20211001_1,10/2/2021 9:07,2206
20211002,10/3/2021 3:05,4414
20211003,10/4/2021 3:13,4414
20211004,10/5/2021 3:07,4414
20211005,10/6/2021 2:14,4414
20211006,10/7/2021 2:28,4414
20211007,10/8/2021 2:04,4414
20211008,10/9/2021 5:13,4413
20211008BomAdjusted,10/9/2021 6:50,2206
20211009,10/10/2021 1:40,4414
20211010,10/11/2021 1:57,4414
20211011,10/12/2021 2:55,4414
20211012,10/13/2021 2:20,4418
20211013,10/14/2021 3:00,4428
20211014,10/15/2021 2:38,4428
20211015,10/16/2021 2:28,4427
20211016,10/17/2021 1:31,4428
20211017,10/18/2021 1:13,4428
20211018,10/19/2021 1:46,4428
20211019,10/20/2021 0:56,4428
20211020,10/21/2021 1:26,4428
20211021,10/22/2021 1:47,4428
20211022,10/23/2021 3:24,4427
20211022_BomAdjusted,10/23/2021 6:40,2213
20211023_NEW,10/24/2021 11:41,4428
20211024,10/24/2021 15:56,4428
20211024_NEW,10/25/2021 2:45,4428
20211025,10/26/2021 3:05,4428
20211026,10/27/2021 2:06,4428
20211027,10/28/2021 2:58,4428
20211028,10/29/2021 1:53,4428
20211029,10/30/2021 2:53,4435
20211029 - Copy,10/30/2021 7:12,6652
20211029 Extra,10/30/2021 7:31,2217
20211030,10/31/2021 4:43,4436
20211031,11/1/2021 8:04,4436
20211101,11/2/2021 3:03,4436
20211102,11/3/2021 5:03,4436
20211103,11/4/2021 2:32,4436
20211104,11/5/2021 2:29,4436
20211105,11/6/2021 3:27,4435
20211105_BOM_adjusted,11/6/2021 7:16,2217
20211106,11/7/2021 2:50,4438
20211107,11/8/2021 2:25,4438
20211108,11/9/2021 2:00,4438
20211109,11/10/2021 1:37,4438
20211110,11/11/2021 2:12,4438
20211111,11/12/2021 1:40,4438
20211112,11/13/2021 2:17,4437
20211112_BOM_ADJUSTED,11/13/2021 7:37,2218
20211113,11/14/2021 1:25,4438
20211114,11/15/2021 1:01,4438
20211115,11/16/2021 2:46,4438
20211116,11/17/2021 2:05,4438
20211117,11/18/2021 2:03,4438
20211118,11/19/2021 1:30,4438
20211119,11/20/2021 1:58,4437
20211120,11/21/2021 2:56,4438
20211121,11/22/2021 1:58,4438
20211122,11/23/2021 2:02,4438
20211123,11/24/2021 1:59,4438
20211124,11/25/2021 2:16,4438
20211125,11/26/2021 3:38,4438
20211126,11/27/2021 4:43,4437
20211126_extra,11/27/2021 6:35,2218
20211127,11/28/2021 2:53,4438
20211128,11/29/2021 2:38,4438
20211129,11/30/2021 3:30,4438
20211130,12/1/2021 11:22,4442
20211130_org1,12/1/2021 7:27,6617
20211130_org2,12/1/2021 7:44,6617
20211201,12/2/2021 3:19,4442
20211202,12/3/2021 3:43,4442
20211203,12/4/2021 7:16,4441
20211203_org,12/4/2021 3:20,6661
20211204,12/5/2021 2:04,4442
20211205,12/6/2021 4:21,4442
20211206,12/7/2021 4:08,4442
20211207,12/8/2021 2:33,4442
20211208,12/9/2021 2:50,4444
20211209,12/10/2021 3:08,4444
20211210,12/11/2021 4:14,4443
20211210_org,12/11/2021 6:23,6664
20211211,12/12/2021 1:27,4444
20211212,12/13/2021 1:01,4444
20211213,12/14/2021 2:27,4444
20211214,12/15/2021 2:49,4444
20211215,12/16/2021 2:34,4444
20211216,12/17/2021 1:48,4446
20211217,12/18/2021 3:33,4445
20211218,12/19/2021 1:59,4446
20211219,12/20/2021 1:09,4446
20211220,12/21/2021 2:57,4446
20211221,12/22/2021 2:02,4446
20211222,12/23/2021 1:59,4446
20211223,12/24/2021 11:40,4446
20211223_OLD,12/24/2021 2:58,8844
20211224,12/25/2021 6:39,4445
20211224extrafiles,12/25/2021 6:59,2222
20211225,12/26/2021 3:49,4446
20211226,12/27/2021 4:25,4446
20211227,12/28/2021 4:23,4446
20211228,12/29/2021 1:30,4450
20211229,12/30/2021 2:09,4450
20211230,12/31/2021 2:42,4450
20211231,1/1/2022 15:31,4448
20220101,1/2/2022 4:30,4450
20220102,1/3/2022 2:06,4450
20220103,1/4/2022 4:02,4450
20220104,1/5/2022 3:04,4450
20220105,1/6/2022 3:48,4450
20220106,1/7/2022 2:39,4450
20220107,1/8/2022 3:28,4449
20220108,1/9/2022 2:03,4450
20220109,1/10/2022 2:28,4450
20220110,1/11/2022 2:52,4450
20220111,1/12/2022 1:18,4450
20220112,1/13/2022 2:58,4450
20220113,1/14/2022 3:35,4450
20220114,1/15/2022 2:47,4449
20220114_extra,1/15/2022 6:21,2224
20220115,1/16/2022 1:48,4450
20220116,1/17/2022 1:44,4450
20220117,1/18/2022 2:18,4450
20220118,1/19/2022 1:37,4450
20220119,1/20/2022 1:40,4450
20220120,1/21/2022 2:06,4450
20220121,1/22/2022 7:06,4451
20220121_0rg,1/22/2022 3:32,6676
20220122,1/23/2022 2:47,4452
20220123,1/24/2022 1:31,4452
20220124,1/25/2022 3:06,4452
20220125,1/26/2022 1:52,4452
20220126,1/27/2022 4:33,4452
20220127,1/28/2022 2:04,4452
20220128,1/29/2022 3:10,4451
20220128 - bk,1/29/2022 7:34,6676
20220129,1/30/2022 1:38,4454
20220130,1/31/2022 1:16,4454
20220131,2/1/2022 7:07,4454
20220131 - Copy,2/1/2022 7:16,6635
20220201,2/2/2022 2:33,4454
20220202,2/3/2022 2:58,4454
20220203,2/4/2022 4:08,4454
20220204,2/5/2022 3:53,4453
20220204 - Copy,2/5/2022 7:11,6679
20220205,2/6/2022 3:32,4454
20220206_BKP,2/7/2022 13:09,4454
20220207,2/8/2022 2:40,4454
20220208,2/9/2022 4:57,4456
20220209,2/10/2022 2:55,4456
20220210,2/11/2022 2:47,4456
20220211,2/12/2022 3:46,4455
20220212,2/13/2022 4:06,4456
20220213,2/14/2022 5:50,4456
20220214,2/15/2022 3:09,4462
20220215,2/16/2022 2:48,4462
20220216,2/17/2022 2:31,4516
20220217,2/18/2022 1:56,4516
20220218,2/19/2022 2:22,4515
20220219,2/20/2022 2:34,4516
20220220,2/21/2022 2:01,4516
20220221,2/22/2022 2:59,4516
20220222,2/23/2022 2:42,4516
20220223,2/24/2022 3:02,4522
20220224,2/25/2022 3:47,4522
20220225,2/26/2022 7:25,4521
20220225_bkp,2/26/2022 4:11,6781
20220226,2/27/2022 3:44,4522
20220227,2/28/2022 1:56,4522
20220228_new,3/1/2022 8:03,6737
20220228_org,3/1/2022 7:30,6737
20220301,3/2/2022 15:55,4522
20220301_origional,3/2/2022 2:23,4522
20220302,3/3/2022 3:20,4522
20220303,3/4/2022 3:51,4526
20220304,3/5/2022 7:11,4525
20220304_org,3/5/2022 3:50,6787
20220305,3/6/2022 5:22,4526
20220306,3/7/2022 2:03,4526
20220307,3/8/2022 3:34,4526
20220308,3/9/2022 3:19,4528
20220309,3/10/2022 2:58,4528
20220310,3/11/2022 3:10,4528
20220311,3/12/2022 4:48,6790
20220311og,3/12/2022 6:38,6790
20220312,3/13/2022 3:27,4528
20220313,3/14/2022 2:38,4528
20220314,3/15/2022 3:25,4530
20220315,3/16/2022 1:38,4530
20220316,3/17/2022 3:54,4530
20220317,3/18/2022 1:55,4530
20220318,3/19/2022 2:27,4529
20220318_1,3/19/2022 7:15,2264
20220319,3/20/2022 4:03,4530
20220320,3/21/2022 1:47,4530
20220321,3/22/2022 5:00,4532
20220322,3/23/2022 2:36,4532
20220323,3/24/2022 3:40,4532
20220324,3/25/2022 2:39,4532
20220325,3/26/2022 2:52,4533
20220325Extra,3/26/2022 7:09,2266
20220326,3/27/2022 3:12,4534
20220327,3/28/2022 1:32,4534
20220328,3/29/2022 1:45,4538
20220329,3/30/2022 3:21,4538
20220330,3/31/2022 3:34,4540
20220331,4/1/2022 13:30,4494
20220331POSTEOY,4/1/2022 17:10,4493
20220331PREEOY,4/1/2022 12:49,9030
20220401,4/2/2022 8:32,4539
20220401Extra,4/2/2022 8:46,2269
20220402,4/3/2022 5:00,4540
20220403,4/4/2022 2:41,4540
20220404,4/5/2022 4:25,4540
20220405,4/6/2022 3:17,4540
20220406,4/7/2022 3:54,4540
20220407,4/8/2022 3:00,4540
20220408,4/9/2022 3:32,4539
20220408_EXTRA,4/9/2022 6:23,2269
20220409,4/10/2022 4:02,4540
20220410,4/11/2022 2:33,4540
20220411,4/12/2022 2:55,4542
20220412,4/13/2022 2:10,4542
20220413,4/14/2022 2:29,4542
20220414,4/15/2022 1:31,4542
20220415,4/16/2022 1:39,4541
20220416,4/17/2022 7:14,4542
20220417,4/18/2022 1:45,4542
20220418,4/19/2022 2:23,4542
20220419,4/20/2022 5:43,4544
20220420,4/21/2022 3:55,4544
20220421,4/22/2022 3:28,4544
20220422,4/23/2022 4:27,4543
20220423,4/24/2022 3:22,4544
20220424,4/25/2022 1:36,4544
20220425,4/26/2022 2:27,4544
20220426,4/27/2022 1:00,4544
20220427,4/28/2022 4:25,4544
20220428,4/29/2022 1:39,4544
20220429,4/30/2022 2:57,4543
20220429_Extra,4/30/2022 7:03,2271
20220430,5/1/2022 9:51,4546
20220430_Extra,5/1/2022 10:14,2227
20220501,5/2/2022 2:10,4546
20220502,5/3/2022 2:57,4546
20220503,5/4/2022 3:33,4546
20220504,5/5/2022 3:05,4546
20220505,5/6/2022 3:19,4546
20220506,5/7/2022 4:38,4545
20220506_All,5/7/2022 7:42,6817
20220506_Extra,5/7/2022 7:44,2272
20220507,5/8/2022 8:42,4546
20220508,5/9/2022 1:20,4546
20220509,5/10/2022 2:32,4546
20220510,5/11/2022 2:57,4546
20220511,5/12/2022 2:48,4546
20220512,5/13/2022 3:15,4546
20220513,5/14/2022 8:12,4503
20220513_Extra,5/14/2022 9:27,2317
20220514,5/15/2022 6:30,4548
20220515,5/16/2022 3:03,4548
20220516,5/17/2022 3:31,4548
20220517,5/18/2022 2:32,4548
20220518,5/19/2022 2:21,4548
20220519,5/20/2022 4:30,4548
20220520,5/21/2022 3:02,4547
20220520_1,5/21/2022 9:33,2273
20220521,5/22/2022 5:06,4548
20220522,5/23/2022 1:34,4548
20220523,5/24/2022 2:11,4548
20220524,5/25/2022 5:53,4548
20220525,5/26/2022 3:17,4548
20220526,5/27/2022 15:36,42
20220526_1,5/27/2022 2:18,4548
20220526_2,5/27/2022 10:58,4548
20220527,5/28/2022 10:30,1
20220527 - Copy,5/28/2022 7:28,6823
20220527_1,5/28/2022 3:53,4550
20220528,5/29/2022 2:09,4550
20220529,5/30/2022 1:31,4550
20220530,5/31/2022 2:09,4550
20220531,6/1/2022 7:56,4550
20220531 - Copy,6/1/2022 8:03,6779
20220601,6/2/2022 2:58,4550
20220602,6/3/2022 3:43,4550
20220603,6/4/2022 4:12,4551
20220603 - Copy,6/4/2022 8:47,6826
20220604,6/5/2022 7:09,4554
20220605,6/6/2022 2:51,4554
20220606,6/7/2022 2:23,4554
20220607,6/8/2022 2:33,4554
20220608,6/9/2022 3:54,4558
20220609,6/10/2022 2:43,4558
20220610,6/11/2022 8:50,4557
20220610 - Copy,6/11/2022 9:56,6835
20220611,6/12/2022 4:01,4560
20220612,6/13/2022 3:53,4560
20220613,6/14/2022 4:30,4560
20220614,6/15/2022 3:10,4562
20220615,6/16/2022 2:25,4568
20220616,6/17/2022 2:28,4568
20220617,6/18/2022 4:08,4571
20220617 - Copy,6/18/2022 7:04,6856
20220618,6/19/2022 2:50,4572
20220619,6/20/2022 1:33,4572
20220620,6/21/2022 2:07,4580
20220621,6/22/2022 2:19,4582
20220622,6/23/2022 2:58,4582
20220623,6/24/2022 2:09,4582
20220624,6/25/2022 4:09,4583
20220624_1,6/25/2022 7:24,2291
20220625,6/26/2022 2:31,4584
20220626,6/27/2022 2:06,4584
20220627,6/28/2022 2:56,4584
20220628,6/29/2022 4:20,4586
20220629,6/30/2022 4:30,4586
20220630,7/1/2022 10:15,4584
20220701,7/2/2022 6:32,4593
20220702,7/3/2022 3:58,4594
20220703,7/4/2022 2:37,4594
20220704,7/5/2022 4:49,4598
20220705,7/6/2022 3:48,4598
20220706,7/7/2022 4:45,4598
20220707,7/8/2022 2:42,4598
20220708,7/9/2022 3:32,4598
20220708_extra,7/9/2022 6:17,2298
20220709,7/10/2022 3:30,4598
20220709_extra,7/10/2022 8:40,2037
20220710,7/11/2022 2:26,4598
20220711,7/12/2022 5:56,4598
20220712,7/13/2022 8:09,4598
20220713,7/14/2022 3:00,4600
20220714,7/15/2022 4:21,4600
20220715,7/16/2022 3:26,4599
20220716,7/17/2022 3:57,4600
20220717,7/18/2022 2:48,4600
20220718,7/19/2022 3:48,4600
20220719,7/20/2022 2:58,4600
20220720,7/21/2022 2:36,4604
20220721,7/22/2022 3:37,4604
20220722,7/23/2022 4:47,4605
20220722_Extra,7/23/2022 7:08,2302
20220722_not pushed,7/23/2022 9:14,142
20220722_pushed,7/23/2022 9:15,4564
20220723,7/24/2022 2:33,4606
20220724,7/25/2022 3:39,4606
20220725,7/26/2022 4:57,4606
20220726,7/27/2022 3:03,4606
20220727,7/28/2022 3:51,4612
20220728,7/29/2022 2:16,4612
20220729,7/30/2022 4:07,4613
20220730,7/31/2022 2:59,4614
20220731,8/1/2022 5:45,4614
20220731 - Copy,8/1/2022 8:31,6873
20220801,8/2/2022 3:17,4614
20220802,8/3/2022 6:34,4614
20220803,8/4/2022 2:01,4614
20220804,8/5/2022 2:20,4614
20220805,8/6/2022 5:55,6918
20220805 - Copy,8/6/2022 8:55,6918
20220807,8/8/2022 13:29,4614
20220807_old,8/8/2022 9:35,4614
20220808,8/9/2022 3:19,4618
20220809,8/10/2022 3:58,4618
20220810,8/11/2022 3:26,4620
20220811,8/12/2022 5:11,4620
20220812,8/13/2022 4:25,4621
20220813,8/14/2022 2:56,4622
20220814,8/15/2022 2:18,4622
20220815,8/16/2022 3:08,4622
20220816,8/17/2022 3:03,4622
20220817,8/18/2022 4:09,4622
20220818,8/19/2022 7:55,4630
20220819,8/20/2022 4:00,4629
20220819 - Copy,8/20/2022 7:36,6943
20220820,8/21/2022 3:00,4630
20220821,8/22/2022 6:43,4630
20220822,8/23/2022 1:51,4630
20220823,8/24/2022 1:59,4630
20220824,8/25/2022 2:54,4634
20220825,8/26/2022 5:23,4640
20220826,8/27/2022 7:30,4639
20220826 - Copy,8/27/2022 7:39,6958
20220827,8/28/2022 4:25,4640
20220828,8/29/2022 1:20,4640
20220829,8/30/2022 2:46,4640
20220830,8/31/2022 2:56,4640
20220831,9/1/2022 6:34,4640
20220831 - Copy,9/1/2022 9:04,6912
20220901,9/2/2022 3:10,4640
20220902,9/3/2022 4:23,4641
20220902 - Copy,9/3/2022 7:15,6961
20220903,9/4/2022 5:21,4642
20220904,9/5/2022 1:51,4642
20220905,9/6/2022 5:13,4644
20220906,9/7/2022 5:03,4644
20220907,9/8/2022 3:42,4644
20220908,9/9/2022 4:27,4646
20220909,9/10/2022 6:16,4645
20220909 - Copy,9/10/2022 6:55,6967
20220910,9/11/2022 7:17,4646
20220911,9/12/2022 1:26,4646
20220912,9/13/2022 2:08,4650
20220913,9/14/2022 3:04,4650
20220914,9/15/2022 3:25,4652
20220915,9/16/2022 3:41,4656
20220916,9/17/2022 3:44,4655
20220916 - Copy,9/17/2022 7:01,6982
20220917,9/18/2022 6:22,4658
20220918,9/19/2022 1:18,4658
20220919,9/20/2022 2:52,4658
20220920,9/21/2022 9:44,4658
20220921,9/22/2022 1:53,4660
20220922,9/23/2022 2:24,4660
20220923,9/24/2022 5:26,4661
20220924,9/25/2022 4:12,4662
20220925,9/26/2022 7:50,4662
20220926,9/27/2022 4:55,4662
20220927,9/28/2022 3:16,4668
20220928,9/29/2022 3:12,4668
20220929,9/30/2022 4:25,4668
20220930,10/1/2022 11:34,4666
20220930 - Copy,10/1/2022 13:36,4618
20221001,10/2/2022 6:17,4668
20221002,10/3/2022 3:36,4668
20221003,10/4/2022 3:44,4668
20221004,10/5/2022 2:44,4668
20221005,10/6/2022 1:49,4668
20221006,10/7/2022 2:59,4668
20221007,10/8/2022 5:46,4669
20221007 - Copy,10/8/2022 7:22,7003
20221008,10/9/2022 3:35,4670
20221009,10/10/2022 2:55,4670
20221010,10/11/2022 4:58,4670
20221011,10/12/2022 2:59,4670
20221012,10/13/2022 2:47,4670
20221013,10/14/2022 3:46,4678
20221014,10/15/2022 4:18,4677
20221014 - Copy,10/15/2022 6:58,7015
20221015,10/16/2022 3:31,4678
20221016,10/17/2022 2:59,4678
20221017,10/18/2022 4:50,4678
20221018,10/19/2022 3:13,4678
20221019,10/20/2022 3:31,4678
20221020,10/21/2022 3:59,4680
20221021,10/22/2022 4:17,4633
20221021 - Copy,10/22/2022 7:42,7018
20221022,10/23/2022 2:22,4680
20221023,10/24/2022 2:39,4680
20221024,10/25/2022 3:04,4680
20221025,10/26/2022 3:08,4680
20221026,10/27/2022 3:08,4680
20221027,10/28/2022 4:02,4680
20221028,10/29/2022 3:43,4679
20221028 - Copy,10/29/2022 7:21,7018
20221029,10/30/2022 3:19,4680
20221030,10/31/2022 1:53,4680
20221031,11/1/2022 6:04,6972
20221031 - Copy,11/1/2022 7:48,6972
20221101,11/2/2022 5:24,4680
20221102,11/3/2022 3:10,4680
20221103,11/4/2022 2:25,4680
20221104,11/5/2022 3:29,4681
20221104 - Copy,11/5/2022 7:13,7021
20221105,11/6/2022 2:54,4684
20221106,11/7/2022 1:42,4684
20221107,11/8/2022 3:38,4686
20221108,11/9/2022 2:22,4686
20221109,11/10/2022 2:12,4688
20221110,11/11/2022 2:23,4688
20221111,11/12/2022 7:21,4687
20221111 - Copy,11/12/2022 7:55,7030
20221112,11/13/2022 2:30,4688
20221113,11/14/2022 2:15,4688
20221114,11/15/2022 3:48,4688
20221115,11/16/2022 2:26,4688
20221116,11/17/2022 3:10,4688
20221117,11/18/2022 2:50,4688
20221118,11/19/2022 3:42,4687
20221118 - Copy,11/19/2022 8:06,7030
20221119,11/20/2022 3:59,4690
20221120,11/21/2022 2:47,4690
20221121,11/22/2022 3:19,4690
20221122,11/23/2022 2:22,4692
20221123,11/24/2022 2:49,4692
20221124,11/25/2022 1:29,4692
20221125,11/26/2022 2:47,4695
20221125_extra,11/26/2022 6:25,2347
20221126,11/27/2022 1:47,4696
20221127,11/28/2022 1:19,4696
20221128,11/29/2022 2:33,4696
20221129,11/30/2022 3:04,4698
20221130,12/1/2022 8:39,4698
20221130 - Copy,12/1/2022 8:46,6999
20221201,12/2/2022 3:02,4704
20221202,12/3/2022 4:10,4703
20221202 - Copy,12/3/2022 7:04,7054
20221203,12/4/2022 3:34,4708
20221204,12/5/2022 3:31,4708
20221205,12/6/2022 4:21,4708
20221206,12/7/2022 3:25,4714
20221207,12/8/2022 3:59,4716
20221208,12/9/2022 3:57,4716
20221209,12/10/2022 4:21,4717
20221209 - Copy,12/10/2022 6:49,7075
20221210,12/11/2022 5:11,4718
20221211,12/12/2022 2:25,4718
20221212,12/13/2022 3:19,4718
20221213,12/14/2022 2:22,4726
20221214,12/15/2022 2:39,4726
20221215,12/16/2022 2:53,4726
20221216,12/17/2022 3:58,4725
20221216 - Copy,12/17/2022 9:08,7087
20221217,12/18/2022 3:05,4726
20221218,12/19/2022 1:54,4726
20221219,12/20/2022 2:50,4728
20221220,12/21/2022 3:02,4728
20221221,12/22/2022 2:27,4728
20221222,12/23/2022 3:27,4730
20221223,12/24/2022 4:38,4747
20221223 - Copy,12/24/2022 7:55,7120
20221224,12/25/2022 3:10,4748
20221225,12/26/2022 1:52,4748
20221226,12/27/2022 4:26,4774
20221227,12/28/2022 3:34,4782
20221228,12/29/2022 2:44,4790
20221229,12/30/2022 3:00,4796
20221230,12/31/2022 4:30,7193
20221230 - Copy,12/31/2022 8:27,7192
20221231,1/1/2023 10:48,4794
20221231 - Copy,1/1/2023 11:07,9540
20230101,1/2/2023 2:17,4796
20230102,1/3/2023 3:31,4796
20230103,1/4/2023 1:41,4796
20230104,1/5/2023 2:41,4796
20230105,1/6/2023 2:19,4796
20230106,1/7/2023 4:02,4796
20230106 - Copy,1/7/2023 7:47,7192
20230107,1/8/2023 3:16,4796
20230108,1/9/2023 1:54,4796
20230109,1/10/2023 2:17,4796
20230110,1/11/2023 2:53,4796
20230111,1/12/2023 2:11,4796
20230112,1/13/2023 2:55,4796
20230113,1/14/2023 5:06,4795
20230113 - Copy,1/14/2023 8:01,7192
20230114,1/15/2023 2:00,4796
20230115,1/16/2023 1:40,4796
20230116,1/17/2023 2:42,4796
20230117,1/18/2023 2:21,4796
20230118,1/19/2023 3:45,4796
20230119,1/20/2023 4:41,4796
20230120,1/21/2023 4:17,4795
20230120_Copy,1/21/2023 7:08,2397
20230121,1/22/2023 3:25,4796
20230122,1/23/2023 10:23,4796
20230123,1/24/2023 3:48,4796
20230124,1/25/2023 2:54,4796
20230125,1/26/2023 9:21,4798
20230126,1/27/2023 2:13,4798
20230127,1/28/2023 3:07,4797
20230127 - Copy,1/28/2023 7:54,7195
20230128,1/29/2023 3:15,4798
20230129,1/30/2023 3:09,4798
20230130,1/31/2023 4:02,4798
20230131,2/1/2023 8:04,7149
20230131 - Copy,2/1/2023 8:07,7149
20230201,2/2/2023 3:40,4798
20230202,2/3/2023 3:34,4798
20230203,2/4/2023 5:30,4799
20230203 - Copy,2/4/2023 7:17,7198
20230204,2/5/2023 4:37,4802
20230205,2/6/2023 4:14,4802
20230206,2/7/2023 7:54,4454
20230206 - copy_main,2/7/2023 4:05,4802
20230207,2/8/2023 2:38,4802
20230208,2/9/2023 3:56,4802
20230209,2/10/2023 2:24,4802
20230210,2/11/2023 4:53,4801
20230210 - Copy,2/11/2023 6:59,7201
20230211,2/12/2023 1:54,4802
20230212,2/13/2023 1:38,4802
20230213,2/14/2023 4:54,4802
20230214,2/15/2023 2:49,4802
20230215,2/16/2023 2:35,4804
20230216,2/17/2023 3:05,4804
20230217,2/18/2023 4:32,4805
20230217 - Copy,2/18/2023 7:02,7207
20230218,2/19/2023 4:04,4806
20230219,2/20/2023 15:27,4806
20230219_COPY,2/20/2023 2:03,4806
20230220,2/21/2023 4:04,4806
20230221,2/22/2023 3:07,4806
20230222,2/23/2023 3:44,4808
20230223,2/24/2023 3:56,4812
20230224,2/25/2023 4:00,4811
20230224_copy,2/25/2023 7:08,2405
20230225,2/26/2023 4:50,4812
20230226,2/27/2023 2:10,4812
20230227,2/28/2023 2:47,4812
20230228,3/1/2023 8:05,4812
20230228 - Copy,3/1/2023 8:10,7170
20230301,3/2/2023 5:29,4812
20230302,3/3/2023 4:15,4812
20230303,3/4/2023 5:03,4811
20230303 - Copy,3/4/2023 5:16,7216
20230304,3/5/2023 3:55,4814
20230305,3/6/2023 4:52,4814
20230306,3/7/2023 3:06,4814
20230307,3/8/2023 3:19,4814
20230308,3/9/2023 2:55,4818
20230309,3/10/2023 3:28,4818
20230310,3/11/2023 3:26,4817
20230310 - Copy,3/11/2023 5:55,7225
20230311,3/12/2023 7:32,4818
20230311 - Copy,3/12/2023 7:51,7226
20230312,3/13/2023 2:41,4818
20230313,3/14/2023 4:36,4818
20230314,3/15/2023 4:22,4818
20230315,3/16/2023 4:09,4818
20230316,3/17/2023 3:29,4820
20230317,3/18/2023 4:53,4829
20230317_extra,3/18/2023 5:35,2414
20230318,3/19/2023 4:27,4834
20230319,3/20/2023 1:53,4834
20230320,3/21/2023 3:02,4834
20230321,3/22/2023 2:41,4838
20230322,3/23/2023 1:56,4838
20230323,3/24/2023 3:20,4844
20230324,3/25/2023 5:21,4895
20230324 - Copy,3/25/2023 6:20,7342
20230325,3/26/2023 4:19,4896
20230326,3/27/2023 3:17,4896
20230327,3/28/2023 3:20,4896
20230328,3/29/2023 3:51,4910
20230329,3/30/2023 3:12,4938
20230330,3/31/2023 3:02,4948
20230331,4/1/2023 16:13,4946
20230331-POSTEOY,4/2/2023 1:03,4899
20230331-PREEOY - Copy,4/1/2023 16:20,9844
20230401,4/2/2023 7:05,4948
20230402,4/3/2023 2:49,4948
20230403,4/4/2023 4:29,4948
20230404,4/5/2023 3:13,4948
20230405,4/6/2023 4:50,4948
20230406,4/7/2023 4:11,4948
20230407,4/8/2023 7:09,4947
20230407 - Copy,4/8/2023 7:21,7420
20230408,4/9/2023 3:31,4948
20230409,4/10/2023 4:30,4948
20230410,4/11/2023 3:18,4948
20230411,4/12/2023 3:18,4948
20230412,4/13/2023 3:15,4948
20230413,4/14/2023 3:35,4948
20230414,4/15/2023 4:01,4947
20230414 - Copy,4/15/2023 7:03,7420
20230415,4/16/2023 6:34,4948
20230416,4/17/2023 3:03,4948
20230417,4/18/2023 3:57,4948
20230418,4/19/2023 3:31,4948
20230419,4/20/2023 4:28,4948
20230420,4/21/2023 2:52,4948
20230421,4/22/2023 2:42,4947
20230421 - Copy,4/22/2023 6:33,7420
20230422,4/23/2023 3:07,4948
20230423,4/24/2023 3:40,4948
20230424,4/25/2023 8:34,4948
20230425,4/26/2023 3:34,4948
20230426,4/27/2023 11:33,4948
20230426 - copy,4/27/2023 4:38,4947
20230426 - old,4/27/2023 8:58,4947
20230426 - zone,4/27/2023 7:54,100
20230427,4/28/2023 5:37,4948
20230428,4/29/2023 4:33,4947
20230428 - Copy,4/29/2023 6:06,7420
20230429,4/30/2023 2:37,4948
20230430,5/1/2023 7:01,4948
20230430_extra,5/1/2023 7:09,2426
20230501,5/2/2023 2:32,4948
20230502,5/3/2023 2:55,4948
20230503,5/4/2023 2:34,4948
20230504,5/5/2023 3:07,4948
20230505,5/6/2023 3:29,4947
20230505_extra,5/6/2023 5:25,2473
20230506,5/7/2023 2:51,4948
20230507,5/8/2023 2:07,4948
20230508,5/9/2023 3:13,4948
20230509,5/10/2023 4:29,4948
20230510,5/11/2023 2:26,4948
20230511,5/12/2023 2:22,4948
20230512,5/13/2023 3:42,4947
20230512_extra,5/13/2023 6:15,2473
20230513,5/14/2023 4:22,4948
20230514,5/15/2023 4:17,4948
20230515,5/16/2023 3:18,4948
20230516,5/17/2023 5:02,4948
20230517,5/18/2023 4:13,4948
20230518,5/19/2023 3:33,4948
20230519,5/20/2023 5:02,4947
20230519_Extra,5/20/2023 6:14,7420
20230520,5/21/2023 3:56,4948
20230521,5/22/2023 3:35,4948
20230522,5/23/2023 3:52,4950
20230523,5/24/2023 4:47,4950
20230524,5/25/2023 3:36,4950
20230525,5/26/2023 3:55,4950
20230526,5/27/2023 5:01,4949
20230526_extra,5/27/2023 7:34,7423
20230527,5/28/2023 2:16,4950
20230528,5/29/2023 3:07,4950
20230529,5/30/2023 3:11,4950
20230530,5/31/2023 3:04,4956
20230531,6/1/2023 8:12,4956
20230531 - Copy,6/1/2023 8:34,7386
20230601,6/2/2023 4:41,4956
20230602,6/3/2023 5:32,4955
20230602 - Copy,6/3/2023 6:19,7432
20230603,6/4/2023 4:14,4956
20230603 - Copy,6/4/2023 6:23,7231
20230604,6/5/2023 2:43,4956
20230605,6/6/2023 4:11,4958
20230606,6/7/2023 4:18,4962
20230607,6/8/2023 4:48,4962
20230608,6/9/2023 3:38,4966
20230609,6/10/2023 4:40,4965
20230609 - Copy,6/10/2023 6:33,7447
20230610,6/11/2023 2:50,4966
20230611,6/12/2023 3:18,4966
20230612,6/13/2023 3:20,4966
20230613,6/14/2023 3:34,4966
20230614,6/15/2023 3:24,4966
20230615,6/16/2023 3:56,4966
20230616,6/17/2023 4:13,4965
20230616 - Copy,6/17/2023 5:35,7447
20230617,6/18/2023 2:39,4968
20230618,6/19/2023 2:09,4968
20230619,6/20/2023 4:24,4968
20230620,6/21/2023 4:11,4974
20230621,6/22/2023 3:39,4978
20230622,6/23/2023 4:27,4986
20230623,6/24/2023 5:42,4989
20230623 - Copy,6/24/2023 5:55,7483
20230624,6/25/2023 4:43,5010
20230625,6/26/2023 3:07,5010
20230626,6/27/2023 2:50,5016
20230627,6/28/2023 4:11,5040
20230628,6/29/2023 4:40,5044
20230629,6/30/2023 3:40,5070
20230630,7/1/2023 11:53,5074
20230630 - Copy,7/1/2023 12:09,10098
20230701,7/2/2023 8:54,5078
20230702,7/3/2023 3:25,5078
20230703,7/4/2023 4:25,5078
20230704,7/5/2023 3:32,5078
20230705,7/6/2023 4:42,5078
20230706,7/7/2023 4:04,5078
20230707,7/8/2023 3:14,5077
20230707 - Copy,7/8/2023 5:49,7615
20230708,7/9/2023 7:15,5078
20230708 - Copy,7/9/2023 7:26,7616
20230709,7/10/2023 5:21,5078
20230710,7/11/2023 4:51,5078
20230711,7/12/2023 7:05,5078
20230712,7/13/2023 4:42,5078
20230713,7/14/2023 5:35,5078
20230714,7/15/2023 3:58,5077
20230714_copy,7/15/2023 6:42,2538
20230715,7/16/2023 3:48,5078
20230716,7/17/2023 2:39,5078
20230717,7/18/2023 3:35,5078
20230718,7/19/2023 3:43,5078
20230719,7/20/2023 3:12,5078
20230720,7/21/2023 2:50,5080
20230721,7/22/2023 5:41,5079
20230721 - Copy,7/22/2023 6:45,7618
20230722,7/23/2023 3:19,5080
20230723,7/24/2023 3:45,5080
20230724,7/25/2023 4:52,5080
20230725,7/26/2023 3:46,5080
20230726,7/27/2023 6:13,5080
20230727,7/28/2023 4:18,5080
20230728,7/29/2023 7:35,5079
20230728_copy,7/29/2023 7:43,2539
20230729,7/30/2023 3:06,5080
20230730,7/31/2023 3:21,5080
20230731,8/1/2023 9:11,5080
20230801,8/2/2023 5:21,5084
20230802,8/3/2023 4:09,5084
20230803,8/4/2023 4:27,5084
20230804,8/5/2023 5:32,5083
20230804_copy,8/5/2023 8:48,2541
20230805,8/6/2023 3:29,5086
20230806,8/7/2023 2:45,5086
20230807,8/8/2023 3:59,5086
20230808,8/9/2023 3:53,5086
20230809,8/10/2023 3:48,5086
20230810,8/11/2023 5:09,5086
20230811,8/12/2023 4:11,5085
20230811_Copy,8/12/2023 7:19,2542
20230812,8/13/2023 4:21,5086
20230813,8/14/2023 4:03,5086
20230814,8/15/2023 3:37,5086
20230815,8/16/2023 3:51,5086
20230816,8/17/2023 4:09,5086
20230817,8/18/2023 5:18,5086
20230818,8/19/2023 5:33,5089
20230818 - Copy,8/19/2023 6:06,7633
20230819,8/20/2023 4:09,5090
20230820,8/21/2023 2:34,5090
20230821,8/22/2023 4:25,5090
20230822,8/23/2023 3:33,5092
20230823,8/24/2023 4:02,5092
20230824,8/25/2023 3:38,5092
20230825,8/26/2023 8:30,5093
20230825 - Copy,8/26/2023 8:40,7639
20230826,8/27/2023 3:15,5094
20230827,8/28/2023 3:07,5094
20230828,8/29/2023 3:40,5096
20230829,8/30/2023 4:21,5098
20230830,8/31/2023 5:29,5098
20230831,9/1/2023 8:34,5098
20230831 - Copy,9/1/2023 8:46,7597
20230901,9/2/2023 6:40,5097
20230901 - Copy,9/2/2023 6:47,7645
20230902,9/3/2023 4:27,5100
20230903,9/4/2023 2:28,5100
20230904,9/5/2023 3:37,5100
20230905_TEMPPP,9/6/2023 4:20,5104
20230906,9/7/2023 3:24,5104
20230907,9/8/2023 4:04,5104
20230908,9/9/2023 6:21,5103
20230908 copy,9/9/2023 5:06,7654
20230909,9/10/2023 3:09,5104
20230910,9/11/2023 3:32,5104
20230911,9/12/2023 5:22,5118
20230912,9/13/2023 3:39,5118
20230913,9/14/2023 4:29,5118
20230914,9/15/2023 4:19,5122
20230915,9/16/2023 4:49,5121
20230915 - Copy,9/16/2023 7:19,7681
20230916,9/17/2023 2:54,5122
20230917,9/18/2023 2:41,5122
20230918,9/19/2023 2:49,5126
20230919,9/20/2023 2:52,5126
20230920,9/21/2023 4:45,5132
20230921,9/22/2023 3:18,5134
20230922,9/23/2023 5:59,5151
20230922_extra,9/23/2023 6:09,2575
20230923,9/24/2023 4:09,5152
20230924,9/25/2023 3:19,5152
20230925,9/26/2023 5:40,5152
20230926,9/27/2023 5:05,5164
20230927,9/28/2023 4:58,5188
20230928,9/29/2023 5:19,5236
20230929,9/30/2023 6:55,5235
20230930_copy,10/1/2023 12:00,5184
20230930_extra,10/2/2023 0:40,215
20231001,10/1/2023 11:51,5244
20231002,10/3/2023 3:07,5244
20231003,10/4/2023 4:38,5244
20231004,10/5/2023 4:21,5244
20231005,10/6/2023 4:45,5244
20231006,10/7/2023 3:59,5243
20231006 - Copy,10/7/2023 7:46,7864
20231007,10/8/2023 3:17,5244
20231008,10/9/2023 3:32,5244
20231009,10/10/2023 4:18,5244
20231010,10/11/2023 3:29,5244
20231011,10/12/2023 5:03,5244
20231012,10/13/2023 4:21,5244
20231013,10/14/2023 5:32,5243
20231013 - Copy,10/14/2023 7:16,7864
20231014,10/15/2023 3:03,5244
20231015,10/16/2023 3:08,5244
20231016,10/17/2023 3:14,5244
20231017,10/18/2023 3:41,5244
20231018,10/19/2023 3:54,5244
20231019,10/20/2023 4:26,5244
20231020,10/21/2023 4:37,5243
20231020 - Copy,10/21/2023 6:25,7864
20231021,10/22/2023 4:27,5244
20231022,10/23/2023 3:35,5244
20231023,10/24/2023 6:22,5244
20231024,10/25/2023 3:21,5244
20231025,10/26/2023 4:27,5244
20231026,10/27/2023 5:15,5246
20231027,10/28/2023 9:10,5245
20231027 - Copy,10/28/2023 9:13,7867
20231028,10/29/2023 5:06,5246
20231029,10/30/2023 4:39,5246
20231030,10/31/2023 6:06,5246
20231031,11/1/2023 8:56,5246
20231031 - Copy,11/1/2023 9:30,7817
20231101,11/2/2023 4:09,5246
20231102,11/3/2023 4:02,5246
20231103,11/4/2023 5:43,5245
20231103 - Copy,11/4/2023 7:12,7867
20231104,11/5/2023 4:34,5246
20231105,11/6/2023 3:05,5246
20231106,11/7/2023 4:17,5246
20231107,11/8/2023 3:54,5246
20231108,11/9/2023 5:27,5246
20231109,11/10/2023 3:58,5250
20231110,11/11/2023 5:51,5249
20231110_copy,11/11/2023 5:53,2624
20231111,11/12/2023 3:10,5250
20231112,11/13/2023 2:34,5250
20231113,11/14/2023 3:29,5250
20231114,11/15/2023 2:59,5250
20231115,11/16/2023 4:03,5250
20231116,11/17/2023 3:46,5250
20231117,11/18/2023 5:20,5249
20231117 - Copy,11/18/2023 7:38,7873
20231118,11/19/2023 3:22,5254
20231119,11/20/2023 18:27,51
20231119 - Copy,11/20/2023 13:32,5252
20231119 - Copy (2),11/20/2023 22:45,5252
20231119old,11/20/2023 5:26,5252
20231120,11/21/2023 4:30,5254
20231121,11/22/2023 4:15,5256
20231122,11/23/2023 6:16,5256
20231123,11/24/2023 3:55,5256
20231129,11/30/2023 3:35,5270
20231130,12/1/2023 9:41,7906
20231201,12/2/2023 4:17,7906
20231201_extra,12/2/2023 5:50,2635
20231202,12/3/2023 7:45,5272
20231203,12/4/2023 3:07,5272
20231204,12/5/2023 5:30,5272
20231205,12/6/2023 4:16,5272
20231206,12/7/2023 4:14,5272
20231207,12/8/2023 4:14,5272
20231208,12/9/2023 5:24,5271
20231208 - Copy,12/9/2023 7:52,7906
20231209,12/10/2023 5:14,5272
20231210,12/11/2023 3:58,5272
20231211,12/12/2023 4:07,5272
20231212,12/13/2023 3:32,5272
20231213,12/14/2023 4:17,5272
20231214,12/15/2023 4:22,5274
20231216,12/17/2023 8:03,5280
20231217,12/18/2023 3:07,5280
20231218,12/19/2023 4:26,5282
20231219,12/20/2023 4:40,5288
20231220,12/21/2023 5:28,5294
20231221,12/22/2023 5:36,5294
20231222,12/23/2023 7:05,5295
20231222 - Copy,12/23/2023 8:17,7942
20231223,12/24/2023 4:39,5296
20231224,12/25/2023 4:24,5296
20231225,12/26/2023 3:45,5296
20231226,12/27/2023 4:18,5300
20231227,12/28/2023 4:51,5306
20231228,12/29/2023 4:19,5348
20231229,12/30/2023 6:43,5369
20231229 - Copy,12/30/2023 7:21,8053
20231230,12/31/2023 5:52,5370
20231231,1/1/2024 9:09,5368
20231231 - Copy,1/1/2024 9:20,10684
202330929_copy,9/30/2023 7:49,2617
20240101,1/2/2024 7:56,5372
20240102,1/3/2024 6:32,5372
20240103,1/4/2024 6:41,5372
20240104,1/5/2024 4:50,5372
20240105,1/6/2024 7:01,5371
20240105 - Copy,1/6/2024 7:08,8056
20240106,1/7/2024 6:26,5372
20240107,1/8/2024 3:35,5372
20240108,1/9/2024 5:18,5372
20240109,1/10/2024 5:25,5372
20240110,1/11/2024 5:56,5372
20240111,1/12/2024 3:47,5372
20240112,1/13/2024 7:00,5372
20240113,1/14/2024 3:58,5372
20240114,1/15/2024 4:12,5372
20240115,1/16/2024 5:23,5372
20240116,1/17/2024 4:40,5372
20240117,1/18/2024 5:05,5372
20240118,1/19/2024 4:25,5372
20240119,1/20/2024 6:53,5371
20240119_C,1/20/2024 4:58,8056
20240120,1/21/2024 5:21,5372
20240121,1/22/2024 3:16,5372
20240122,1/23/2024 4:18,5372
20240123,1/24/2024 3:58,5372
20240124,1/25/2024 5:39,5372
20240125,1/26/2024 5:12,5372
20240126,1/27/2024 6:05,5371
20240126_extra,1/27/2024 6:21,2685
20240127,1/28/2024 3:42,5372
20240128,1/29/2024 4:52,5372
20240129,1/30/2024 4:06,5372
20240130,1/31/2024 5:28,5372
20240131,2/1/2024 21:39,5372
20240131_extra,2/1/2024 21:44,2634
20240201,2/2/2024 9:02,5372
20240202,2/3/2024 8:21,5371
20240202_extra,2/3/2024 8:35,2685
20240203,2/4/2024 5:53,5372
20240204,2/5/2024 5:23,5372
20240205,2/6/2024 4:22,5372
20240206,2/7/2024 5:23,5372
20240207,2/8/2024 5:23,5390
20240208,2/9/2024 7:20,5390
30042021_extra,5/1/2021 7:07,2179
adjusted 20210630,7/1/2021 15:51,4239
Adjusted-20210129,1/30/2021 7:37,2084
cd,8/8/2022 12:52,0
FTP,9/19/2020 16:40,0
REVISED_20231119,11/21/2023 13:32,5250
tbpl_1010_extra,10/10/2020 8:20,2055
test_05,8/6/2022 12:32,6920
Xtra_20210528,5/29/2021 6:11,2138
